Alternative,Alternative Databank,BAU Databank,Horizon
Alt1A,UBCx_Ph2_2035_Alt1A_2021-02-12,UBCx_Ph2_2035BAU_2021-02-12,2035
Alt1B,UBCx_Ph2_2035_Alt1B_2021-02-12,UBCx_Ph2_2035BAU_2021-02-12,2035
Alt1C,UBCx_Ph2_2035_Alt1C_2021-02-12,UBCx_Ph2_2035BAU_2021-02-12,2035
Alt1D,UBCx_Ph2_2035_Alt1D_2021-02-12,UBCx_Ph2_2035BAU_2021-02-12,2035
Alt2A,UBCx_Ph2_2035_Alt2A_2021-02-12,UBCx_Ph2_2035BAU_2021-02-12,2035
Alt2B,UBCx_Ph2_2035_Alt2B_2021-02-12,UBCx_Ph2_2035BAU_2021-02-12,2035
Alt3A,UBCx_Ph2_2035_Alt3A_2021-02-12,UBCx_Ph2_2035BAU_2021-02-12,2035
Alt3B,UBCx_Ph2_2035_Alt3B_2021-02-12,UBCx_Ph2_2035BAU_2021-02-12,2035
Alt3C,UBCx_Ph2_2035_Alt3C_2021-02-12,UBCx_Ph2_2035BAU_2021-02-12,2035
Alt4A,UBCx_Ph2_2035_Alt4A_2021-02-12,UBCx_Ph2_2035BAU_2021-02-12,2035
Alt4B,UBCx_Ph2_2035_Alt4B_2021-02-12,UBCx_Ph2_2035BAU_2021-02-12,2035
Alt4C,UBCx_Ph2_2035_Alt4C_2021-02-12,UBCx_Ph2_2035BAU_2021-02-12,2035
Alt1A,UBCx_Ph2_2050_Alt1A_2021-02-12,UBCx_Ph2_2050BAU_2021-02-12,2050
Alt1B,UBCx_Ph2_2050_Alt1B_2021-02-12,UBCx_Ph2_2050BAU_2021-02-12,2050
Alt1C,UBCx_Ph2_2050_Alt1C_2021-02-12,UBCx_Ph2_2050BAU_2021-02-12,2050
Alt1D,UBCx_Ph2_2050_Alt1D_2021-02-12,UBCx_Ph2_2050BAU_2021-02-12,2050
Alt2A,UBCx_Ph2_2050_Alt2A_2021-02-12,UBCx_Ph2_2050BAU_2021-02-12,2050
Alt2B,UBCx_Ph2_2050_Alt2B_2021-02-12,UBCx_Ph2_2050BAU_2021-02-12,2050
Alt3A,UBCx_Ph2_2050_Alt3A_2021-02-12,UBCx_Ph2_2050BAU_2021-02-12,2050
Alt3B,UBCx_Ph2_2050_Alt3B_2021-02-12,UBCx_Ph2_2050BAU_2021-02-12,2050
Alt3C,UBCx_Ph2_2050_Alt3C_2021-02-12,UBCx_Ph2_2050BAU_2021-02-12,2050
Alt4A,UBCx_Ph2_2050_Alt4A_2021-02-12,UBCx_Ph2_2050BAU_2021-02-12,2050
Alt4B,UBCx_Ph2_2050_Alt4B_2021-02-12,UBCx_Ph2_2050BAU_2021-02-12,2050
Alt4C,UBCx_Ph2_2050_Alt4C_2021-02-12,UBCx_Ph2_2050BAU_2021-02-12,2050
