gy_o,gy_d,Mode,bias_add,purp
6,4,rail,0,hbu
6,5,rail,0,hbu
6,5,bus,0,hbu
6,6,rail,0,hbu
6,5,rail,0,hbsh
4,6,rail,0,hbu
6,5,bus,0,hbsh
6,5,rail,0,hbpb
6,6,rail,0,hbsh
6,5,bus,0,hbpb
6,6,bus,0,hbsh
6,6,bus,0,hbu
5,6,rail,0,hbu
12,9,bus,0,hbsh
6,6,rail,0,hbpb
5,6,rail,0,hbpb
9,12,bus,0,hbsh
10,10,bus,0,hbsh
6,4,rail,0,hbsh
12,12,bus,0,hbsh
5,6,bus,0,hbpb
6,6,bus,0,hbpb
11,11,bus,0,hbsh
2,2,bus,0,hbsh
5,6,bus,0,hbu
2,2,bus,0,hbpb
8,8,bus,0,hbsh
5,6,rail,0,hbsh
5,6,bus,0,hbsh
12,9,bus,0,hbpb
3,3,bus,0,hbpb
3,3,bus,0,hbsh
9,12,bus,0,hbpb
12,12,bus,0,hbpb
6,4,rail,0,hbpb
10,10,bus,0,hbpb
11,11,bus,0,hbpb
4,6,rail,0,hbpb
9,9,bus,0,hbsh
4,6,rail,0,hbsh
8,8,bus,0,hbpb
2,2,bus,0,hbu
3,3,rail,0,hbsh
3,3,rail,0,hbpb
9,9,bus,0,hbpb
6,6,rail,0,hbw
12,12,bus,0,hbu
12,9,bus,0,hbu
6,5,rail,0,hbw
9,12,bus,0,hbu
11,11,bus,0,hbu
10,10,bus,0,hbu
7,7,bus,0,hbsh
7,7,bus,0,hbpb
8,8,bus,0,hbu
9,9,bus,0,hbu
6,4,rail,0,hbw
6,5,bus,0,hbw
2,4,bus,0,hbsh
4,2,bus,0,hbsh
5,5,bus,0,hbu
4,2,bus,0,hbpb
3,3,bus,0,hbu
5,5,bus,0,hbpb
6,6,bus,0,hbw
3,3,bus,0,hbsc
5,6,rail,0,hbes
3,3,bus,0,hbes
5,5,bus,0,hbsh
6,6,rail,0,hbsc
6,5,rail,0,hbes
6,6,rail,0,hbes
6,5,rail,0,hbso
6,6,bus,0,hbsc
4,2,bus,0,hbu
2,2,bus,0,hbsc
10,10,bus,0,hbsc
8,8,bus,0,hbsc
6,5,bus,0,hbso
12,12,bus,0,hbsc
6,4,rail,0,hbso
4,6,rail,0,hbes
6,4,rail,0,hbes
2,4,bus,0,hbpb
5,6,bus,0,hbes
11,11,bus,0,hbsc
6,6,rail,0,hbso
6,5,bus,0,hbes
9,9,bus,0,hbsc
3,4,bus,0,hbu
2,2,bus,0,hbes
6,6,bus,0,hbes
8,8,bus,0,hbw
10,10,bus,0,hbes
12,12,bus,0,hbw
4,5,bus,0,hbu
3,3,rail,0,hbu
4,5,bus,0,hbpb
12,9,bus,0,hbes
3,3,rail,0,hbes
11,11,bus,0,hbes
7,7,bus,0,hbsc
6,6,bus,0,hbso
12,12,bus,0,hbes
12,9,bus,0,hbw
9,12,bus,0,hbes
8,8,bus,0,hbes
3,4,bus,0,hbsh
3,3,rail,0,hbsc
5,4,bus,0,hbsh
3,4,bus,0,hbsc
4,5,bus,0,hbsh
4,6,rail,0,hbw
4,4,rail,0,hbpb
2,2,bus,0,hbw
10,10,bus,0,hbw
6,6,rail,0,nhbw
4,4,rail,0,hbu
5,4,bus,0,hbpb
9,9,bus,0,hbes
5,6,rail,0,hbso
5,6,bus,0,hbso
4,6,rail,0,hbso
3,3,bus,0,hbso
2,2,bus,0,hbso
12,9,bus,0,hbso
5,6,rail,0,nhbw
6,5,rail,0,nhbw
6,6,bus,0,nhbw
5,6,bus,0,nhbw
3,4,bus,0,hbpb
5,5,bus,0,hbsc
4,4,rail,0,hbsh
6,5,bus,0,nhbw
12,12,bus,0,hbso
11,11,bus,0,hbw
9,12,bus,0,hbso
10,10,bus,0,hbso
7,7,bus,0,hbes
2,2,bus,0,nhbw
11,11,bus,0,hbso
4,6,rail,0,nhbw
6,4,rail,0,nhbw
7,7,bus,0,hbu
12,12,bus,0,nhbw
4,3,bus,0,hbpb
5,6,bus,0,hbw
10,10,bus,0,nhbw
8,8,bus,0,hbso
11,11,bus,0,nhbw
5,6,rail,0,hbw
8,8,bus,0,nhbw
9,12,bus,0,hbw
2,4,bus,0,hbu
9,12,bus,0,nhbw
12,9,bus,0,nhbw
3,3,bus,0,nhbw
4,2,bus,0,hbes
9,9,bus,0,hbso
9,9,bus,0,hbw
5,5,bus,0,hbes
2,4,bus,0,hbes
5,4,bus,0,hbu
9,9,bus,0,nhbw
3,3,rail,0,hbso
2,4,bus,0,hbw
4,3,bus,0,hbsh
6,6,rail,0,nhbo
3,3,bus,0,hbw
3,3,bus,0,nhbo
6,5,rail,0,nhbo
7,7,bus,0,hbso
6,5,bus,0,nhbo
6,6,bus,0,nhbo
2,2,bus,0,nhbo
4,5,bus,0,hbes
3,4,bus,0,hbw
4,2,bus,0,hbw
5,6,rail,0,nhbo
5,6,bus,0,nhbo
10,10,bus,0,nhbo
11,11,bus,0,nhbo
12,12,bus,0,nhbo
12,9,bus,0,nhbo
9,12,bus,0,nhbo
8,8,bus,0,nhbo
6,4,rail,0,nhbo
7,7,bus,0,hbw
4,2,bus,0,hbso
5,4,bus,0,hbes
4,6,rail,0,nhbo
3,3,rail,0,nhbw
2,4,bus,0,hbso
4,5,bus,0,hbw
9,9,bus,0,nhbo
4,3,bus,0,hbsc
5,5,bus,0,hbso
7,7,bus,0,nhbw
3,5,bus,0,hbu
5,5,bus,0,hbw
4,4,rail,0,hbes
5,5,bus,0,nhbw
4,5,bus,0,hbso
3,3,rail,0,nhbo
5,4,bus,0,hbso
2,4,bus,0,nhbw
4,2,bus,0,nhbw
5,4,bus,0,hbw
7,7,bus,0,nhbo
5,3,bus,0,hbsh
3,3,rail,0,hbw
2,4,bus,0,nhbo
4,2,bus,0,nhbo
5,5,bus,0,nhbo
3,4,bus,0,hbes
3,4,bus,0,hbso
5,4,bus,0,nhbw
4,4,rail,0,hbso
4,5,bus,0,nhbw
4,4,rail,0,hbw
5,4,bus,0,nhbo
4,5,bus,0,nhbo
4,4,bus,0,hbu
4,4,rail,0,nhbw
4,3,bus,0,hbso
4,4,bus,0,hbpb
4,4,rail,0,hbsc
3,5,bus,0,hbw
4,4,bus,0,hbsh
3,5,bus,0,hbes
5,3,bus,0,hbes
3,4,bus,0,nhbo
5,3,bus,0,hbpb
4,4,rail,0,nhbo
4,3,bus,0,hbes
5,3,bus,0,hbso
4,3,bus,0,nhbo
3,4,bus,0,nhbw
4,3,bus,0,nhbw
5,3,bus,0,nhbo
3,5,bus,0,nhbo
3,5,bus,0,hbso
4,3,bus,0,hbw
3,5,bus,0,hbsh
5,3,bus,0,nhbw
3,5,bus,0,nhbw
3,5,bus,0,hbpb
5,3,bus,0,hbw
4,4,bus,0,hbw
4,4,bus,0,hbso
4,4,bus,0,hbes
4,4,bus,0,hbsc
4,4,bus,0,nhbw
4,3,bus,0,hbu
4,4,bus,0,nhbo
3,4,rail,0,hbsc
1,2,rail,0,hbw
1,3,rail,0,hbw
1,4,rail,0,hbw
1,5,rail,0,hbw
1,6,rail,0,hbw
1,7,rail,0,hbw
1,8,rail,0,hbw
1,9,rail,0,hbw
1,10,rail,0,hbw
1,11,rail,0,hbw
1,12,rail,0,hbw
1,13,rail,0,hbw
1,14,rail,0,hbw
1,15,rail,0,hbw
2,4,rail,0,hbw
2,5,rail,0,hbw
2,6,rail,0,hbw
2,7,rail,0,hbw
2,8,rail,0,hbw
2,9,rail,0,hbw
2,10,rail,0,hbw
2,11,rail,0,hbw
2,12,rail,0,hbw
2,13,rail,0,hbw
2,14,rail,0,hbw
2,15,rail,0,hbw
3,6,rail,0,hbw
3,8,rail,0,hbw
3,10,rail,0,hbw
3,11,rail,0,hbw
3,12,rail,0,hbw
3,13,rail,0,hbw
3,14,rail,0,hbw
3,15,rail,0,hbw
4,5,rail,0,hbw
4,8,rail,0,hbw
4,10,rail,0,hbw
4,11,rail,0,hbw
4,12,rail,0,hbw
4,13,rail,0,hbw
4,14,rail,0,hbw
4,15,rail,0,hbw
5,7,rail,0,hbw
5,8,rail,0,hbw
5,10,rail,0,hbw
5,11,rail,0,hbw
5,12,rail,0,hbw
5,13,rail,0,hbw
5,14,rail,0,hbw
5,15,rail,0,hbw
6,7,rail,0,hbw
6,8,rail,0,hbw
6,9,rail,0,hbw
6,10,rail,0,hbw
6,11,rail,0,hbw
6,12,rail,0,hbw
6,13,rail,0,hbw
6,14,rail,0,hbw
6,15,rail,0,hbw
7,8,rail,0,hbw
7,9,rail,0,hbw
7,10,rail,0,hbw
7,11,rail,0,hbw
7,12,rail,0,hbw
7,13,rail,0,hbw
7,14,rail,0,hbw
7,15,rail,0,hbw
8,9,rail,0,hbw
8,10,rail,0,hbw
8,11,rail,0,hbw
8,12,rail,0,hbw
8,13,rail,0,hbw
8,14,rail,0,hbw
8,15,rail,0,hbw
9,10,rail,0,hbw
9,11,rail,0,hbw
9,12,rail,0,hbw
9,13,rail,0,hbw
9,14,rail,0,hbw
9,15,rail,0,hbw
10,11,rail,0,hbw
10,12,rail,0,hbw
10,13,rail,0,hbw
10,14,rail,0,hbw
10,15,rail,0,hbw
11,12,rail,0,hbw
11,13,rail,0,hbw
11,14,rail,0,hbw
11,15,rail,0,hbw
12,13,rail,0,hbw
12,14,rail,0,hbw
12,15,rail,0,hbw
13,14,rail,0,hbw
13,15,rail,0,hbw
14,15,rail,0,hbw
2,1,rail,0,hbw
3,1,rail,0,hbw
4,1,rail,0,hbw
5,1,rail,0,hbw
6,1,rail,0,hbw
7,1,rail,0,hbw
8,1,rail,0,hbw
9,1,rail,0,hbw
10,1,rail,0,hbw
11,1,rail,0,hbw
12,1,rail,0,hbw
13,1,rail,0,hbw
14,1,rail,0,hbw
15,1,rail,0,hbw
4,2,rail,0,hbw
5,2,rail,0,hbw
6,2,rail,0,hbw
7,2,rail,0,hbw
8,2,rail,0,hbw
9,2,rail,0,hbw
10,2,rail,0,hbw
11,2,rail,0,hbw
12,2,rail,0,hbw
13,2,rail,0,hbw
14,2,rail,0,hbw
15,2,rail,0,hbw
6,3,rail,0,hbw
8,3,rail,0,hbw
10,3,rail,0,hbw
11,3,rail,0,hbw
12,3,rail,0,hbw
13,3,rail,0,hbw
14,3,rail,0,hbw
15,3,rail,0,hbw
5,4,rail,0,hbw
8,4,rail,0,hbw
10,4,rail,0,hbw
11,4,rail,0,hbw
12,4,rail,0,hbw
13,4,rail,0,hbw
14,4,rail,0,hbw
15,4,rail,0,hbw
7,5,rail,0,hbw
8,5,rail,0,hbw
10,5,rail,0,hbw
11,5,rail,0,hbw
12,5,rail,0,hbw
13,5,rail,0,hbw
14,5,rail,0,hbw
15,5,rail,0,hbw
7,6,rail,0,hbw
8,6,rail,0,hbw
9,6,rail,0,hbw
10,6,rail,0,hbw
11,6,rail,0,hbw
12,6,rail,0,hbw
13,6,rail,0,hbw
14,6,rail,0,hbw
15,6,rail,0,hbw
8,7,rail,0,hbw
9,7,rail,0,hbw
10,7,rail,0,hbw
11,7,rail,0,hbw
12,7,rail,0,hbw
13,7,rail,0,hbw
14,7,rail,0,hbw
15,7,rail,0,hbw
9,8,rail,0,hbw
10,8,rail,0,hbw
11,8,rail,0,hbw
12,8,rail,0,hbw
13,8,rail,0,hbw
14,8,rail,0,hbw
15,8,rail,0,hbw
10,9,rail,0,hbw
11,9,rail,0,hbw
12,9,rail,0,hbw
13,9,rail,0,hbw
14,9,rail,0,hbw
15,9,rail,0,hbw
11,10,rail,0,hbw
12,10,rail,0,hbw
13,10,rail,0,hbw
14,10,rail,0,hbw
15,10,rail,0,hbw
12,11,rail,0,hbw
13,11,rail,0,hbw
14,11,rail,0,hbw
15,11,rail,0,hbw
13,12,rail,0,hbw
14,12,rail,0,hbw
15,12,rail,0,hbw
14,13,rail,0,hbw
15,13,rail,0,hbw
15,14,rail,0,hbw
1,1,rail,0,hbw
2,2,rail,0,hbw
5,5,rail,0,hbw
7,7,rail,0,hbw
8,8,rail,0,hbw
9,9,rail,0,hbw
10,10,rail,0,hbw
11,11,rail,0,hbw
12,12,rail,0,hbw
13,13,rail,0,hbw
14,14,rail,0,hbw
15,15,rail,0,hbw
1,1,bus,0,hbw
1,2,bus,0,hbw
1,3,bus,0,hbw
1,4,bus,0,hbw
1,5,bus,0,hbw
1,6,bus,0,hbw
1,7,bus,0,hbw
1,8,bus,0,hbw
1,9,bus,0,hbw
1,10,bus,0,hbw
1,11,bus,0,hbw
1,12,bus,0,hbw
1,13,bus,0,hbw
1,14,bus,0,hbw
1,15,bus,0,hbw
2,1,bus,0,hbw
2,3,bus,0,hbw
2,5,bus,0,hbw
2,6,bus,0,hbw
2,7,bus,0,hbw
2,8,bus,0,hbw
2,9,bus,0,hbw
2,10,bus,0,hbw
2,11,bus,0,hbw
2,12,bus,0,hbw
2,13,bus,0,hbw
2,14,bus,0,hbw
2,15,bus,0,hbw
3,1,bus,0,hbw
3,2,bus,0,hbw
3,6,bus,0,hbw
3,7,bus,0,hbw
3,8,bus,0,hbw
3,9,bus,0,hbw
3,10,bus,0,hbw
3,11,bus,0,hbw
3,12,bus,0,hbw
3,13,bus,0,hbw
3,14,bus,0,hbw
3,15,bus,0,hbw
4,1,bus,0,hbw
4,6,bus,0,hbw
4,7,bus,0,hbw
4,8,bus,0,hbw
4,9,bus,0,hbw
4,10,bus,0,hbw
4,11,bus,0,hbw
4,12,bus,0,hbw
4,13,bus,0,hbw
4,14,bus,0,hbw
4,15,bus,0,hbw
5,1,bus,0,hbw
5,2,bus,0,hbw
5,7,bus,0,hbw
5,8,bus,0,hbw
5,9,bus,0,hbw
5,10,bus,0,hbw
5,11,bus,0,hbw
5,12,bus,0,hbw
5,13,bus,0,hbw
5,14,bus,0,hbw
5,15,bus,0,hbw
6,1,bus,0,hbw
6,2,bus,0,hbw
6,3,bus,0,hbw
6,4,bus,0,hbw
6,7,bus,0,hbw
6,8,bus,0,hbw
6,9,bus,0,hbw
6,10,bus,0,hbw
6,11,bus,0,hbw
6,12,bus,0,hbw
6,13,bus,0,hbw
6,14,bus,0,hbw
6,15,bus,0,hbw
7,1,bus,0,hbw
7,2,bus,0,hbw
7,3,bus,0,hbw
7,4,bus,0,hbw
7,5,bus,0,hbw
7,6,bus,0,hbw
7,8,bus,0,hbw
7,9,bus,0,hbw
7,10,bus,0,hbw
7,11,bus,0,hbw
7,12,bus,0,hbw
7,13,bus,0,hbw
7,14,bus,0,hbw
7,15,bus,0,hbw
8,1,bus,0,hbw
8,2,bus,0,hbw
8,3,bus,0,hbw
8,4,bus,0,hbw
8,5,bus,0,hbw
8,6,bus,0,hbw
8,7,bus,0,hbw
8,9,bus,0,hbw
8,10,bus,0,hbw
8,11,bus,0,hbw
8,12,bus,0,hbw
8,13,bus,0,hbw
8,14,bus,0,hbw
8,15,bus,0,hbw
9,1,bus,0,hbw
9,2,bus,0,hbw
9,3,bus,0,hbw
9,4,bus,0,hbw
9,5,bus,0,hbw
9,6,bus,0,hbw
9,7,bus,0,hbw
9,8,bus,0,hbw
9,10,bus,0,hbw
9,11,bus,0,hbw
9,13,bus,0,hbw
9,14,bus,0,hbw
9,15,bus,0,hbw
10,1,bus,0,hbw
10,2,bus,0,hbw
10,3,bus,0,hbw
10,4,bus,0,hbw
10,5,bus,0,hbw
10,6,bus,0,hbw
10,7,bus,0,hbw
10,8,bus,0,hbw
10,9,bus,0,hbw
10,11,bus,0,hbw
10,12,bus,0,hbw
10,13,bus,0,hbw
10,14,bus,0,hbw
10,15,bus,0,hbw
11,1,bus,0,hbw
11,2,bus,0,hbw
11,3,bus,0,hbw
11,4,bus,0,hbw
11,5,bus,0,hbw
11,6,bus,0,hbw
11,7,bus,0,hbw
11,8,bus,0,hbw
11,9,bus,0,hbw
11,10,bus,0,hbw
11,12,bus,0,hbw
11,13,bus,0,hbw
11,14,bus,0,hbw
11,15,bus,0,hbw
12,1,bus,0,hbw
12,2,bus,0,hbw
12,3,bus,0,hbw
12,4,bus,0,hbw
12,5,bus,0,hbw
12,6,bus,0,hbw
12,7,bus,0,hbw
12,8,bus,0,hbw
12,10,bus,0,hbw
12,11,bus,0,hbw
12,13,bus,0,hbw
12,14,bus,0,hbw
12,15,bus,0,hbw
13,1,bus,0,hbw
13,2,bus,0,hbw
13,3,bus,0,hbw
13,4,bus,0,hbw
13,5,bus,0,hbw
13,6,bus,0,hbw
13,7,bus,0,hbw
13,8,bus,0,hbw
13,9,bus,0,hbw
13,10,bus,0,hbw
13,11,bus,0,hbw
13,12,bus,0,hbw
13,13,bus,0,hbw
13,14,bus,0,hbw
13,15,bus,0,hbw
14,1,bus,0,hbw
14,2,bus,0,hbw
14,3,bus,0,hbw
14,4,bus,0,hbw
14,5,bus,0,hbw
14,6,bus,0,hbw
14,7,bus,0,hbw
14,8,bus,0,hbw
14,9,bus,0,hbw
14,10,bus,0,hbw
14,11,bus,0,hbw
14,12,bus,0,hbw
14,13,bus,0,hbw
14,14,bus,0,hbw
14,15,bus,0,hbw
15,1,bus,0,hbw
15,2,bus,0,hbw
15,3,bus,0,hbw
15,4,bus,0,hbw
15,5,bus,0,hbw
15,6,bus,0,hbw
15,7,bus,0,hbw
15,8,bus,0,hbw
15,9,bus,0,hbw
15,10,bus,0,hbw
15,11,bus,0,hbw
15,12,bus,0,hbw
15,13,bus,0,hbw
15,14,bus,0,hbw
15,15,bus,0,hbw
1,2,rail,0,hbu
1,3,rail,0,hbu
1,4,rail,0,hbu
1,5,rail,0,hbu
1,6,rail,0,hbu
1,7,rail,0,hbu
1,8,rail,0,hbu
1,9,rail,0,hbu
1,10,rail,0,hbu
1,11,rail,0,hbu
1,12,rail,0,hbu
1,13,rail,0,hbu
1,14,rail,0,hbu
1,15,rail,0,hbu
2,4,rail,0,hbu
2,5,rail,0,hbu
2,6,rail,0,hbu
2,7,rail,0,hbu
2,8,rail,0,hbu
2,9,rail,0,hbu
2,10,rail,0,hbu
2,11,rail,0,hbu
2,12,rail,0,hbu
2,13,rail,0,hbu
2,14,rail,0,hbu
2,15,rail,0,hbu
3,6,rail,0,hbu
3,8,rail,0,hbu
3,10,rail,0,hbu
3,11,rail,0,hbu
3,12,rail,0,hbu
3,13,rail,0,hbu
3,14,rail,0,hbu
3,15,rail,0,hbu
4,5,rail,0,hbu
4,8,rail,0,hbu
4,10,rail,0,hbu
4,11,rail,0,hbu
4,12,rail,0,hbu
4,13,rail,0,hbu
4,14,rail,0,hbu
4,15,rail,0,hbu
5,7,rail,0,hbu
5,8,rail,0,hbu
5,10,rail,0,hbu
5,11,rail,0,hbu
5,12,rail,0,hbu
5,13,rail,0,hbu
5,14,rail,0,hbu
5,15,rail,0,hbu
6,7,rail,0,hbu
6,8,rail,0,hbu
6,9,rail,0,hbu
6,10,rail,0,hbu
6,11,rail,0,hbu
6,12,rail,0,hbu
6,13,rail,0,hbu
6,14,rail,0,hbu
6,15,rail,0,hbu
7,8,rail,0,hbu
7,9,rail,0,hbu
7,10,rail,0,hbu
7,11,rail,0,hbu
7,12,rail,0,hbu
7,13,rail,0,hbu
7,14,rail,0,hbu
7,15,rail,0,hbu
8,9,rail,0,hbu
8,10,rail,0,hbu
8,11,rail,0,hbu
8,12,rail,0,hbu
8,13,rail,0,hbu
8,14,rail,0,hbu
8,15,rail,0,hbu
9,10,rail,0,hbu
9,11,rail,0,hbu
9,12,rail,0,hbu
9,13,rail,0,hbu
9,14,rail,0,hbu
9,15,rail,0,hbu
10,11,rail,0,hbu
10,12,rail,0,hbu
10,13,rail,0,hbu
10,14,rail,0,hbu
10,15,rail,0,hbu
11,12,rail,0,hbu
11,13,rail,0,hbu
11,14,rail,0,hbu
11,15,rail,0,hbu
12,13,rail,0,hbu
12,14,rail,0,hbu
12,15,rail,0,hbu
13,14,rail,0,hbu
13,15,rail,0,hbu
14,15,rail,0,hbu
2,1,rail,0,hbu
3,1,rail,0,hbu
4,1,rail,0,hbu
5,1,rail,0,hbu
6,1,rail,0,hbu
7,1,rail,0,hbu
8,1,rail,0,hbu
9,1,rail,0,hbu
10,1,rail,0,hbu
11,1,rail,0,hbu
12,1,rail,0,hbu
13,1,rail,0,hbu
14,1,rail,0,hbu
15,1,rail,0,hbu
4,2,rail,0,hbu
5,2,rail,0,hbu
6,2,rail,0,hbu
7,2,rail,0,hbu
8,2,rail,0,hbu
9,2,rail,0,hbu
10,2,rail,0,hbu
11,2,rail,0,hbu
12,2,rail,0,hbu
13,2,rail,0,hbu
14,2,rail,0,hbu
15,2,rail,0,hbu
6,3,rail,0,hbu
8,3,rail,0,hbu
10,3,rail,0,hbu
11,3,rail,0,hbu
12,3,rail,0,hbu
13,3,rail,0,hbu
14,3,rail,0,hbu
15,3,rail,0,hbu
5,4,rail,0,hbu
8,4,rail,0,hbu
10,4,rail,0,hbu
11,4,rail,0,hbu
12,4,rail,0,hbu
13,4,rail,0,hbu
14,4,rail,0,hbu
15,4,rail,0,hbu
7,5,rail,0,hbu
8,5,rail,0,hbu
10,5,rail,0,hbu
11,5,rail,0,hbu
12,5,rail,0,hbu
13,5,rail,0,hbu
14,5,rail,0,hbu
15,5,rail,0,hbu
7,6,rail,0,hbu
8,6,rail,0,hbu
9,6,rail,0,hbu
10,6,rail,0,hbu
11,6,rail,0,hbu
12,6,rail,0,hbu
13,6,rail,0,hbu
14,6,rail,0,hbu
15,6,rail,0,hbu
8,7,rail,0,hbu
9,7,rail,0,hbu
10,7,rail,0,hbu
11,7,rail,0,hbu
12,7,rail,0,hbu
13,7,rail,0,hbu
14,7,rail,0,hbu
15,7,rail,0,hbu
9,8,rail,0,hbu
10,8,rail,0,hbu
11,8,rail,0,hbu
12,8,rail,0,hbu
13,8,rail,0,hbu
14,8,rail,0,hbu
15,8,rail,0,hbu
10,9,rail,0,hbu
11,9,rail,0,hbu
12,9,rail,0,hbu
13,9,rail,0,hbu
14,9,rail,0,hbu
15,9,rail,0,hbu
11,10,rail,0,hbu
12,10,rail,0,hbu
13,10,rail,0,hbu
14,10,rail,0,hbu
15,10,rail,0,hbu
12,11,rail,0,hbu
13,11,rail,0,hbu
14,11,rail,0,hbu
15,11,rail,0,hbu
13,12,rail,0,hbu
14,12,rail,0,hbu
15,12,rail,0,hbu
14,13,rail,0,hbu
15,13,rail,0,hbu
15,14,rail,0,hbu
1,1,rail,0,hbu
2,2,rail,0,hbu
5,5,rail,0,hbu
7,7,rail,0,hbu
8,8,rail,0,hbu
9,9,rail,0,hbu
10,10,rail,0,hbu
11,11,rail,0,hbu
12,12,rail,0,hbu
13,13,rail,0,hbu
14,14,rail,0,hbu
15,15,rail,0,hbu
1,1,bus,0,hbu
1,2,bus,0,hbu
1,3,bus,0,hbu
1,4,bus,0,hbu
1,5,bus,0,hbu
1,6,bus,0,hbu
1,7,bus,0,hbu
1,8,bus,0,hbu
1,9,bus,0,hbu
1,10,bus,0,hbu
1,11,bus,0,hbu
1,12,bus,0,hbu
1,13,bus,0,hbu
1,14,bus,0,hbu
1,15,bus,0,hbu
2,1,bus,0,hbu
2,3,bus,0,hbu
2,5,bus,0,hbu
2,6,bus,0,hbu
2,7,bus,0,hbu
2,8,bus,0,hbu
2,9,bus,0,hbu
2,10,bus,0,hbu
2,11,bus,0,hbu
2,12,bus,0,hbu
2,13,bus,0,hbu
2,14,bus,0,hbu
2,15,bus,0,hbu
3,1,bus,0,hbu
3,2,bus,0,hbu
3,6,bus,0,hbu
3,7,bus,0,hbu
3,8,bus,0,hbu
3,9,bus,0,hbu
3,10,bus,0,hbu
3,11,bus,0,hbu
3,12,bus,0,hbu
3,13,bus,0,hbu
3,14,bus,0,hbu
3,15,bus,0,hbu
4,1,bus,0,hbu
4,6,bus,0,hbu
4,7,bus,0,hbu
4,8,bus,0,hbu
4,9,bus,0,hbu
4,10,bus,0,hbu
4,11,bus,0,hbu
4,12,bus,0,hbu
4,13,bus,0,hbu
4,14,bus,0,hbu
4,15,bus,0,hbu
5,1,bus,0,hbu
5,2,bus,0,hbu
5,7,bus,0,hbu
5,8,bus,0,hbu
5,9,bus,0,hbu
5,10,bus,0,hbu
5,11,bus,0,hbu
5,12,bus,0,hbu
5,13,bus,0,hbu
5,14,bus,0,hbu
5,15,bus,0,hbu
6,1,bus,0,hbu
6,2,bus,0,hbu
6,3,bus,0,hbu
6,4,bus,0,hbu
6,7,bus,0,hbu
6,8,bus,0,hbu
6,9,bus,0,hbu
6,10,bus,0,hbu
6,11,bus,0,hbu
6,12,bus,0,hbu
6,13,bus,0,hbu
6,14,bus,0,hbu
6,15,bus,0,hbu
7,1,bus,0,hbu
7,2,bus,0,hbu
7,3,bus,0,hbu
7,4,bus,0,hbu
7,5,bus,0,hbu
7,6,bus,0,hbu
7,8,bus,0,hbu
7,9,bus,0,hbu
7,10,bus,0,hbu
7,11,bus,0,hbu
7,12,bus,0,hbu
7,13,bus,0,hbu
7,14,bus,0,hbu
7,15,bus,0,hbu
8,1,bus,0,hbu
8,2,bus,0,hbu
8,3,bus,0,hbu
8,4,bus,0,hbu
8,5,bus,0,hbu
8,6,bus,0,hbu
8,7,bus,0,hbu
8,9,bus,0,hbu
8,10,bus,0,hbu
8,11,bus,0,hbu
8,12,bus,0,hbu
8,13,bus,0,hbu
8,14,bus,0,hbu
8,15,bus,0,hbu
9,1,bus,0,hbu
9,2,bus,0,hbu
9,3,bus,0,hbu
9,4,bus,0,hbu
9,5,bus,0,hbu
9,6,bus,0,hbu
9,7,bus,0,hbu
9,8,bus,0,hbu
9,10,bus,0,hbu
9,11,bus,0,hbu
9,13,bus,0,hbu
9,14,bus,0,hbu
9,15,bus,0,hbu
10,1,bus,0,hbu
10,2,bus,0,hbu
10,3,bus,0,hbu
10,4,bus,0,hbu
10,5,bus,0,hbu
10,6,bus,0,hbu
10,7,bus,0,hbu
10,8,bus,0,hbu
10,9,bus,0,hbu
10,11,bus,0,hbu
10,12,bus,0,hbu
10,13,bus,0,hbu
10,14,bus,0,hbu
10,15,bus,0,hbu
11,1,bus,0,hbu
11,2,bus,0,hbu
11,3,bus,0,hbu
11,4,bus,0,hbu
11,5,bus,0,hbu
11,6,bus,0,hbu
11,7,bus,0,hbu
11,8,bus,0,hbu
11,9,bus,0,hbu
11,10,bus,0,hbu
11,12,bus,0,hbu
11,13,bus,0,hbu
11,14,bus,0,hbu
11,15,bus,0,hbu
12,1,bus,0,hbu
12,2,bus,0,hbu
12,3,bus,0,hbu
12,4,bus,0,hbu
12,5,bus,0,hbu
12,6,bus,0,hbu
12,7,bus,0,hbu
12,8,bus,0,hbu
12,10,bus,0,hbu
12,11,bus,0,hbu
12,13,bus,0,hbu
12,14,bus,0,hbu
12,15,bus,0,hbu
13,1,bus,0,hbu
13,2,bus,0,hbu
13,3,bus,0,hbu
13,4,bus,0,hbu
13,5,bus,0,hbu
13,6,bus,0,hbu
13,7,bus,0,hbu
13,8,bus,0,hbu
13,9,bus,0,hbu
13,10,bus,0,hbu
13,11,bus,0,hbu
13,12,bus,0,hbu
13,13,bus,0,hbu
13,14,bus,0,hbu
13,15,bus,0,hbu
14,1,bus,0,hbu
14,2,bus,0,hbu
14,3,bus,0,hbu
14,4,bus,0,hbu
14,5,bus,0,hbu
14,6,bus,0,hbu
14,7,bus,0,hbu
14,8,bus,0,hbu
14,9,bus,0,hbu
14,10,bus,0,hbu
14,11,bus,0,hbu
14,12,bus,0,hbu
14,13,bus,0,hbu
14,14,bus,0,hbu
14,15,bus,0,hbu
15,1,bus,0,hbu
15,2,bus,0,hbu
15,3,bus,0,hbu
15,4,bus,0,hbu
15,5,bus,0,hbu
15,6,bus,0,hbu
15,7,bus,0,hbu
15,8,bus,0,hbu
15,9,bus,0,hbu
15,10,bus,0,hbu
15,11,bus,0,hbu
15,12,bus,0,hbu
15,13,bus,0,hbu
15,14,bus,0,hbu
15,15,bus,0,hbu
1,2,rail,0,hbsc
1,3,rail,0,hbsc
1,4,rail,0,hbsc
1,5,rail,0,hbsc
1,6,rail,0,hbsc
1,7,rail,0,hbsc
1,8,rail,0,hbsc
1,9,rail,0,hbsc
1,10,rail,0,hbsc
1,11,rail,0,hbsc
1,12,rail,0,hbsc
1,13,rail,0,hbsc
1,14,rail,0,hbsc
1,15,rail,0,hbsc
2,3,rail,0,hbsc
2,4,rail,0,hbsc
2,5,rail,0,hbsc
2,6,rail,0,hbsc
2,7,rail,0,hbsc
2,8,rail,0,hbsc
2,9,rail,0,hbsc
2,10,rail,0,hbsc
2,11,rail,0,hbsc
2,12,rail,0,hbsc
2,13,rail,0,hbsc
2,14,rail,0,hbsc
2,15,rail,0,hbsc
3,5,rail,0,hbsc
3,6,rail,0,hbsc
3,7,rail,0,hbsc
3,8,rail,0,hbsc
3,9,rail,0,hbsc
3,10,rail,0,hbsc
3,11,rail,0,hbsc
3,12,rail,0,hbsc
3,13,rail,0,hbsc
3,14,rail,0,hbsc
3,15,rail,0,hbsc
4,5,rail,0,hbsc
4,6,rail,0,hbsc
4,7,rail,0,hbsc
4,8,rail,0,hbsc
4,9,rail,0,hbsc
4,10,rail,0,hbsc
4,11,rail,0,hbsc
4,12,rail,0,hbsc
4,13,rail,0,hbsc
4,14,rail,0,hbsc
4,15,rail,0,hbsc
5,6,rail,0,hbsc
5,7,rail,0,hbsc
5,8,rail,0,hbsc
5,9,rail,0,hbsc
5,10,rail,0,hbsc
5,11,rail,0,hbsc
5,12,rail,0,hbsc
5,13,rail,0,hbsc
5,14,rail,0,hbsc
5,15,rail,0,hbsc
6,7,rail,0,hbsc
6,8,rail,0,hbsc
6,9,rail,0,hbsc
6,10,rail,0,hbsc
6,11,rail,0,hbsc
6,12,rail,0,hbsc
6,13,rail,0,hbsc
6,14,rail,0,hbsc
6,15,rail,0,hbsc
7,8,rail,0,hbsc
7,9,rail,0,hbsc
7,10,rail,0,hbsc
7,11,rail,0,hbsc
7,12,rail,0,hbsc
7,13,rail,0,hbsc
7,14,rail,0,hbsc
7,15,rail,0,hbsc
8,9,rail,0,hbsc
8,10,rail,0,hbsc
8,11,rail,0,hbsc
8,12,rail,0,hbsc
8,13,rail,0,hbsc
8,14,rail,0,hbsc
8,15,rail,0,hbsc
9,10,rail,0,hbsc
9,11,rail,0,hbsc
9,12,rail,0,hbsc
9,13,rail,0,hbsc
9,14,rail,0,hbsc
9,15,rail,0,hbsc
10,11,rail,0,hbsc
10,12,rail,0,hbsc
10,13,rail,0,hbsc
10,14,rail,0,hbsc
10,15,rail,0,hbsc
11,12,rail,0,hbsc
11,13,rail,0,hbsc
11,14,rail,0,hbsc
11,15,rail,0,hbsc
12,13,rail,0,hbsc
12,14,rail,0,hbsc
12,15,rail,0,hbsc
13,14,rail,0,hbsc
13,15,rail,0,hbsc
14,15,rail,0,hbsc
2,1,rail,0,hbsc
3,1,rail,0,hbsc
4,1,rail,0,hbsc
5,1,rail,0,hbsc
6,1,rail,0,hbsc
7,1,rail,0,hbsc
8,1,rail,0,hbsc
9,1,rail,0,hbsc
10,1,rail,0,hbsc
11,1,rail,0,hbsc
12,1,rail,0,hbsc
13,1,rail,0,hbsc
14,1,rail,0,hbsc
15,1,rail,0,hbsc
3,2,rail,0,hbsc
4,2,rail,0,hbsc
5,2,rail,0,hbsc
6,2,rail,0,hbsc
7,2,rail,0,hbsc
8,2,rail,0,hbsc
9,2,rail,0,hbsc
10,2,rail,0,hbsc
11,2,rail,0,hbsc
12,2,rail,0,hbsc
13,2,rail,0,hbsc
14,2,rail,0,hbsc
15,2,rail,0,hbsc
5,3,rail,0,hbsc
6,3,rail,0,hbsc
7,3,rail,0,hbsc
8,3,rail,0,hbsc
9,3,rail,0,hbsc
10,3,rail,0,hbsc
11,3,rail,0,hbsc
12,3,rail,0,hbsc
13,3,rail,0,hbsc
14,3,rail,0,hbsc
15,3,rail,0,hbsc
5,4,rail,0,hbsc
6,4,rail,0,hbsc
7,4,rail,0,hbsc
8,4,rail,0,hbsc
9,4,rail,0,hbsc
10,4,rail,0,hbsc
11,4,rail,0,hbsc
12,4,rail,0,hbsc
13,4,rail,0,hbsc
14,4,rail,0,hbsc
15,4,rail,0,hbsc
6,5,rail,0,hbsc
7,5,rail,0,hbsc
8,5,rail,0,hbsc
9,5,rail,0,hbsc
10,5,rail,0,hbsc
11,5,rail,0,hbsc
12,5,rail,0,hbsc
13,5,rail,0,hbsc
14,5,rail,0,hbsc
15,5,rail,0,hbsc
7,6,rail,0,hbsc
8,6,rail,0,hbsc
9,6,rail,0,hbsc
10,6,rail,0,hbsc
11,6,rail,0,hbsc
12,6,rail,0,hbsc
13,6,rail,0,hbsc
14,6,rail,0,hbsc
15,6,rail,0,hbsc
8,7,rail,0,hbsc
9,7,rail,0,hbsc
10,7,rail,0,hbsc
11,7,rail,0,hbsc
12,7,rail,0,hbsc
13,7,rail,0,hbsc
14,7,rail,0,hbsc
15,7,rail,0,hbsc
9,8,rail,0,hbsc
10,8,rail,0,hbsc
11,8,rail,0,hbsc
12,8,rail,0,hbsc
13,8,rail,0,hbsc
14,8,rail,0,hbsc
15,8,rail,0,hbsc
10,9,rail,0,hbsc
11,9,rail,0,hbsc
12,9,rail,0,hbsc
13,9,rail,0,hbsc
14,9,rail,0,hbsc
15,9,rail,0,hbsc
11,10,rail,0,hbsc
12,10,rail,0,hbsc
13,10,rail,0,hbsc
14,10,rail,0,hbsc
15,10,rail,0,hbsc
12,11,rail,0,hbsc
13,11,rail,0,hbsc
14,11,rail,0,hbsc
15,11,rail,0,hbsc
13,12,rail,0,hbsc
14,12,rail,0,hbsc
15,12,rail,0,hbsc
14,13,rail,0,hbsc
15,13,rail,0,hbsc
15,14,rail,0,hbsc
1,1,rail,0,hbsc
2,2,rail,0,hbsc
5,5,rail,0,hbsc
7,7,rail,0,hbsc
8,8,rail,0,hbsc
9,9,rail,0,hbsc
10,10,rail,0,hbsc
11,11,rail,0,hbsc
12,12,rail,0,hbsc
13,13,rail,0,hbsc
14,14,rail,0,hbsc
15,15,rail,0,hbsc
1,1,bus,0,hbsc
1,2,bus,0,hbsc
1,3,bus,0,hbsc
1,4,bus,0,hbsc
1,5,bus,0,hbsc
1,6,bus,0,hbsc
1,7,bus,0,hbsc
1,8,bus,0,hbsc
1,9,bus,0,hbsc
1,10,bus,0,hbsc
1,11,bus,0,hbsc
1,12,bus,0,hbsc
1,13,bus,0,hbsc
1,14,bus,0,hbsc
1,15,bus,0,hbsc
2,1,bus,0,hbsc
2,3,bus,0,hbsc
2,4,bus,0,hbsc
2,5,bus,0,hbsc
2,6,bus,0,hbsc
2,7,bus,0,hbsc
2,8,bus,0,hbsc
2,9,bus,0,hbsc
2,10,bus,0,hbsc
2,11,bus,0,hbsc
2,12,bus,0,hbsc
2,13,bus,0,hbsc
2,14,bus,0,hbsc
2,15,bus,0,hbsc
3,1,bus,0,hbsc
3,2,bus,0,hbsc
3,5,bus,0,hbsc
3,6,bus,0,hbsc
3,7,bus,0,hbsc
3,8,bus,0,hbsc
3,9,bus,0,hbsc
3,10,bus,0,hbsc
3,11,bus,0,hbsc
3,12,bus,0,hbsc
3,13,bus,0,hbsc
3,14,bus,0,hbsc
3,15,bus,0,hbsc
4,1,bus,0,hbsc
4,2,bus,0,hbsc
4,5,bus,0,hbsc
4,6,bus,0,hbsc
4,7,bus,0,hbsc
4,8,bus,0,hbsc
4,9,bus,0,hbsc
4,10,bus,0,hbsc
4,11,bus,0,hbsc
4,12,bus,0,hbsc
4,13,bus,0,hbsc
4,14,bus,0,hbsc
4,15,bus,0,hbsc
5,1,bus,0,hbsc
5,2,bus,0,hbsc
5,3,bus,0,hbsc
5,4,bus,0,hbsc
5,6,bus,0,hbsc
5,7,bus,0,hbsc
5,8,bus,0,hbsc
5,9,bus,0,hbsc
5,10,bus,0,hbsc
5,11,bus,0,hbsc
5,12,bus,0,hbsc
5,13,bus,0,hbsc
5,14,bus,0,hbsc
5,15,bus,0,hbsc
6,1,bus,0,hbsc
6,2,bus,0,hbsc
6,3,bus,0,hbsc
6,4,bus,0,hbsc
6,5,bus,0,hbsc
6,7,bus,0,hbsc
6,8,bus,0,hbsc
6,9,bus,0,hbsc
6,10,bus,0,hbsc
6,11,bus,0,hbsc
6,12,bus,0,hbsc
6,13,bus,0,hbsc
6,14,bus,0,hbsc
6,15,bus,0,hbsc
7,1,bus,0,hbsc
7,2,bus,0,hbsc
7,3,bus,0,hbsc
7,4,bus,0,hbsc
7,5,bus,0,hbsc
7,6,bus,0,hbsc
7,8,bus,0,hbsc
7,9,bus,0,hbsc
7,10,bus,0,hbsc
7,11,bus,0,hbsc
7,12,bus,0,hbsc
7,13,bus,0,hbsc
7,14,bus,0,hbsc
7,15,bus,0,hbsc
8,1,bus,0,hbsc
8,2,bus,0,hbsc
8,3,bus,0,hbsc
8,4,bus,0,hbsc
8,5,bus,0,hbsc
8,6,bus,0,hbsc
8,7,bus,0,hbsc
8,9,bus,0,hbsc
8,10,bus,0,hbsc
8,11,bus,0,hbsc
8,12,bus,0,hbsc
8,13,bus,0,hbsc
8,14,bus,0,hbsc
8,15,bus,0,hbsc
9,1,bus,0,hbsc
9,2,bus,0,hbsc
9,3,bus,0,hbsc
9,4,bus,0,hbsc
9,5,bus,0,hbsc
9,6,bus,0,hbsc
9,7,bus,0,hbsc
9,8,bus,0,hbsc
9,10,bus,0,hbsc
9,11,bus,0,hbsc
9,12,bus,0,hbsc
9,13,bus,0,hbsc
9,14,bus,0,hbsc
9,15,bus,0,hbsc
10,1,bus,0,hbsc
10,2,bus,0,hbsc
10,3,bus,0,hbsc
10,4,bus,0,hbsc
10,5,bus,0,hbsc
10,6,bus,0,hbsc
10,7,bus,0,hbsc
10,8,bus,0,hbsc
10,9,bus,0,hbsc
10,11,bus,0,hbsc
10,12,bus,0,hbsc
10,13,bus,0,hbsc
10,14,bus,0,hbsc
10,15,bus,0,hbsc
11,1,bus,0,hbsc
11,2,bus,0,hbsc
11,3,bus,0,hbsc
11,4,bus,0,hbsc
11,5,bus,0,hbsc
11,6,bus,0,hbsc
11,7,bus,0,hbsc
11,8,bus,0,hbsc
11,9,bus,0,hbsc
11,10,bus,0,hbsc
11,12,bus,0,hbsc
11,13,bus,0,hbsc
11,14,bus,0,hbsc
11,15,bus,0,hbsc
12,1,bus,0,hbsc
12,2,bus,0,hbsc
12,3,bus,0,hbsc
12,4,bus,0,hbsc
12,5,bus,0,hbsc
12,6,bus,0,hbsc
12,7,bus,0,hbsc
12,8,bus,0,hbsc
12,9,bus,0,hbsc
12,10,bus,0,hbsc
12,11,bus,0,hbsc
12,13,bus,0,hbsc
12,14,bus,0,hbsc
12,15,bus,0,hbsc
13,1,bus,0,hbsc
13,2,bus,0,hbsc
13,3,bus,0,hbsc
13,4,bus,0,hbsc
13,5,bus,0,hbsc
13,6,bus,0,hbsc
13,7,bus,0,hbsc
13,8,bus,0,hbsc
13,9,bus,0,hbsc
13,10,bus,0,hbsc
13,11,bus,0,hbsc
13,12,bus,0,hbsc
13,13,bus,0,hbsc
13,14,bus,0,hbsc
13,15,bus,0,hbsc
14,1,bus,0,hbsc
14,2,bus,0,hbsc
14,3,bus,0,hbsc
14,4,bus,0,hbsc
14,5,bus,0,hbsc
14,6,bus,0,hbsc
14,7,bus,0,hbsc
14,8,bus,0,hbsc
14,9,bus,0,hbsc
14,10,bus,0,hbsc
14,11,bus,0,hbsc
14,12,bus,0,hbsc
14,13,bus,0,hbsc
14,14,bus,0,hbsc
14,15,bus,0,hbsc
15,1,bus,0,hbsc
15,2,bus,0,hbsc
15,3,bus,0,hbsc
15,4,bus,0,hbsc
15,5,bus,0,hbsc
15,6,bus,0,hbsc
15,7,bus,0,hbsc
15,8,bus,0,hbsc
15,9,bus,0,hbsc
15,10,bus,0,hbsc
15,11,bus,0,hbsc
15,12,bus,0,hbsc
15,13,bus,0,hbsc
15,14,bus,0,hbsc
15,15,bus,0,hbsc
1,2,rail,0,hbsh
1,3,rail,0,hbsh
1,4,rail,0,hbsh
1,5,rail,0,hbsh
1,6,rail,0,hbsh
1,7,rail,0,hbsh
1,8,rail,0,hbsh
1,9,rail,0,hbsh
1,10,rail,0,hbsh
1,11,rail,0,hbsh
1,12,rail,0,hbsh
1,13,rail,0,hbsh
1,14,rail,0,hbsh
1,15,rail,0,hbsh
2,4,rail,0,hbsh
2,5,rail,0,hbsh
2,6,rail,0,hbsh
2,7,rail,0,hbsh
2,8,rail,0,hbsh
2,9,rail,0,hbsh
2,10,rail,0,hbsh
2,11,rail,0,hbsh
2,12,rail,0,hbsh
2,13,rail,0,hbsh
2,14,rail,0,hbsh
2,15,rail,0,hbsh
3,6,rail,0,hbsh
3,8,rail,0,hbsh
3,10,rail,0,hbsh
3,11,rail,0,hbsh
3,12,rail,0,hbsh
3,13,rail,0,hbsh
3,14,rail,0,hbsh
3,15,rail,0,hbsh
4,5,rail,0,hbsh
4,8,rail,0,hbsh
4,10,rail,0,hbsh
4,11,rail,0,hbsh
4,12,rail,0,hbsh
4,13,rail,0,hbsh
4,14,rail,0,hbsh
4,15,rail,0,hbsh
5,7,rail,0,hbsh
5,8,rail,0,hbsh
5,10,rail,0,hbsh
5,11,rail,0,hbsh
5,12,rail,0,hbsh
5,13,rail,0,hbsh
5,14,rail,0,hbsh
5,15,rail,0,hbsh
6,7,rail,0,hbsh
6,8,rail,0,hbsh
6,9,rail,0,hbsh
6,10,rail,0,hbsh
6,11,rail,0,hbsh
6,12,rail,0,hbsh
6,13,rail,0,hbsh
6,14,rail,0,hbsh
6,15,rail,0,hbsh
7,8,rail,0,hbsh
7,9,rail,0,hbsh
7,10,rail,0,hbsh
7,11,rail,0,hbsh
7,12,rail,0,hbsh
7,13,rail,0,hbsh
7,14,rail,0,hbsh
7,15,rail,0,hbsh
8,9,rail,0,hbsh
8,10,rail,0,hbsh
8,11,rail,0,hbsh
8,12,rail,0,hbsh
8,13,rail,0,hbsh
8,14,rail,0,hbsh
8,15,rail,0,hbsh
9,10,rail,0,hbsh
9,11,rail,0,hbsh
9,12,rail,0,hbsh
9,13,rail,0,hbsh
9,14,rail,0,hbsh
9,15,rail,0,hbsh
10,11,rail,0,hbsh
10,12,rail,0,hbsh
10,13,rail,0,hbsh
10,14,rail,0,hbsh
10,15,rail,0,hbsh
11,12,rail,0,hbsh
11,13,rail,0,hbsh
11,14,rail,0,hbsh
11,15,rail,0,hbsh
12,13,rail,0,hbsh
12,14,rail,0,hbsh
12,15,rail,0,hbsh
13,14,rail,0,hbsh
13,15,rail,0,hbsh
14,15,rail,0,hbsh
2,1,rail,0,hbsh
3,1,rail,0,hbsh
4,1,rail,0,hbsh
5,1,rail,0,hbsh
6,1,rail,0,hbsh
7,1,rail,0,hbsh
8,1,rail,0,hbsh
9,1,rail,0,hbsh
10,1,rail,0,hbsh
11,1,rail,0,hbsh
12,1,rail,0,hbsh
13,1,rail,0,hbsh
14,1,rail,0,hbsh
15,1,rail,0,hbsh
4,2,rail,0,hbsh
5,2,rail,0,hbsh
6,2,rail,0,hbsh
7,2,rail,0,hbsh
8,2,rail,0,hbsh
9,2,rail,0,hbsh
10,2,rail,0,hbsh
11,2,rail,0,hbsh
12,2,rail,0,hbsh
13,2,rail,0,hbsh
14,2,rail,0,hbsh
15,2,rail,0,hbsh
6,3,rail,0,hbsh
8,3,rail,0,hbsh
10,3,rail,0,hbsh
11,3,rail,0,hbsh
12,3,rail,0,hbsh
13,3,rail,0,hbsh
14,3,rail,0,hbsh
15,3,rail,0,hbsh
5,4,rail,0,hbsh
8,4,rail,0,hbsh
10,4,rail,0,hbsh
11,4,rail,0,hbsh
12,4,rail,0,hbsh
13,4,rail,0,hbsh
14,4,rail,0,hbsh
15,4,rail,0,hbsh
7,5,rail,0,hbsh
8,5,rail,0,hbsh
10,5,rail,0,hbsh
11,5,rail,0,hbsh
12,5,rail,0,hbsh
13,5,rail,0,hbsh
14,5,rail,0,hbsh
15,5,rail,0,hbsh
7,6,rail,0,hbsh
8,6,rail,0,hbsh
9,6,rail,0,hbsh
10,6,rail,0,hbsh
11,6,rail,0,hbsh
12,6,rail,0,hbsh
13,6,rail,0,hbsh
14,6,rail,0,hbsh
15,6,rail,0,hbsh
8,7,rail,0,hbsh
9,7,rail,0,hbsh
10,7,rail,0,hbsh
11,7,rail,0,hbsh
12,7,rail,0,hbsh
13,7,rail,0,hbsh
14,7,rail,0,hbsh
15,7,rail,0,hbsh
9,8,rail,0,hbsh
10,8,rail,0,hbsh
11,8,rail,0,hbsh
12,8,rail,0,hbsh
13,8,rail,0,hbsh
14,8,rail,0,hbsh
15,8,rail,0,hbsh
10,9,rail,0,hbsh
11,9,rail,0,hbsh
12,9,rail,0,hbsh
13,9,rail,0,hbsh
14,9,rail,0,hbsh
15,9,rail,0,hbsh
11,10,rail,0,hbsh
12,10,rail,0,hbsh
13,10,rail,0,hbsh
14,10,rail,0,hbsh
15,10,rail,0,hbsh
12,11,rail,0,hbsh
13,11,rail,0,hbsh
14,11,rail,0,hbsh
15,11,rail,0,hbsh
13,12,rail,0,hbsh
14,12,rail,0,hbsh
15,12,rail,0,hbsh
14,13,rail,0,hbsh
15,13,rail,0,hbsh
15,14,rail,0,hbsh
1,1,rail,0,hbsh
2,2,rail,0,hbsh
5,5,rail,0,hbsh
7,7,rail,0,hbsh
8,8,rail,0,hbsh
9,9,rail,0,hbsh
10,10,rail,0,hbsh
11,11,rail,0,hbsh
12,12,rail,0,hbsh
13,13,rail,0,hbsh
14,14,rail,0,hbsh
15,15,rail,0,hbsh
1,1,bus,0,hbsh
1,2,bus,0,hbsh
1,3,bus,0,hbsh
1,4,bus,0,hbsh
1,5,bus,0,hbsh
1,6,bus,0,hbsh
1,7,bus,0,hbsh
1,8,bus,0,hbsh
1,9,bus,0,hbsh
1,10,bus,0,hbsh
1,11,bus,0,hbsh
1,12,bus,0,hbsh
1,13,bus,0,hbsh
1,14,bus,0,hbsh
1,15,bus,0,hbsh
2,1,bus,0,hbsh
2,3,bus,0,hbsh
2,5,bus,0,hbsh
2,6,bus,0,hbsh
2,7,bus,0,hbsh
2,8,bus,0,hbsh
2,9,bus,0,hbsh
2,10,bus,0,hbsh
2,11,bus,0,hbsh
2,12,bus,0,hbsh
2,13,bus,0,hbsh
2,14,bus,0,hbsh
2,15,bus,0,hbsh
3,1,bus,0,hbsh
3,2,bus,0,hbsh
3,6,bus,0,hbsh
3,7,bus,0,hbsh
3,8,bus,0,hbsh
3,9,bus,0,hbsh
3,10,bus,0,hbsh
3,11,bus,0,hbsh
3,12,bus,0,hbsh
3,13,bus,0,hbsh
3,14,bus,0,hbsh
3,15,bus,0,hbsh
4,1,bus,0,hbsh
4,6,bus,0,hbsh
4,7,bus,0,hbsh
4,8,bus,0,hbsh
4,9,bus,0,hbsh
4,10,bus,0,hbsh
4,11,bus,0,hbsh
4,12,bus,0,hbsh
4,13,bus,0,hbsh
4,14,bus,0,hbsh
4,15,bus,0,hbsh
5,1,bus,0,hbsh
5,2,bus,0,hbsh
5,7,bus,0,hbsh
5,8,bus,0,hbsh
5,9,bus,0,hbsh
5,10,bus,0,hbsh
5,11,bus,0,hbsh
5,12,bus,0,hbsh
5,13,bus,0,hbsh
5,14,bus,0,hbsh
5,15,bus,0,hbsh
6,1,bus,0,hbsh
6,2,bus,0,hbsh
6,3,bus,0,hbsh
6,4,bus,0,hbsh
6,7,bus,0,hbsh
6,8,bus,0,hbsh
6,9,bus,0,hbsh
6,10,bus,0,hbsh
6,11,bus,0,hbsh
6,12,bus,0,hbsh
6,13,bus,0,hbsh
6,14,bus,0,hbsh
6,15,bus,0,hbsh
7,1,bus,0,hbsh
7,2,bus,0,hbsh
7,3,bus,0,hbsh
7,4,bus,0,hbsh
7,5,bus,0,hbsh
7,6,bus,0,hbsh
7,8,bus,0,hbsh
7,9,bus,0,hbsh
7,10,bus,0,hbsh
7,11,bus,0,hbsh
7,12,bus,0,hbsh
7,13,bus,0,hbsh
7,14,bus,0,hbsh
7,15,bus,0,hbsh
8,1,bus,0,hbsh
8,2,bus,0,hbsh
8,3,bus,0,hbsh
8,4,bus,0,hbsh
8,5,bus,0,hbsh
8,6,bus,0,hbsh
8,7,bus,0,hbsh
8,9,bus,0,hbsh
8,10,bus,0,hbsh
8,11,bus,0,hbsh
8,12,bus,0,hbsh
8,13,bus,0,hbsh
8,14,bus,0,hbsh
8,15,bus,0,hbsh
9,1,bus,0,hbsh
9,2,bus,0,hbsh
9,3,bus,0,hbsh
9,4,bus,0,hbsh
9,5,bus,0,hbsh
9,6,bus,0,hbsh
9,7,bus,0,hbsh
9,8,bus,0,hbsh
9,10,bus,0,hbsh
9,11,bus,0,hbsh
9,13,bus,0,hbsh
9,14,bus,0,hbsh
9,15,bus,0,hbsh
10,1,bus,0,hbsh
10,2,bus,0,hbsh
10,3,bus,0,hbsh
10,4,bus,0,hbsh
10,5,bus,0,hbsh
10,6,bus,0,hbsh
10,7,bus,0,hbsh
10,8,bus,0,hbsh
10,9,bus,0,hbsh
10,11,bus,0,hbsh
10,12,bus,0,hbsh
10,13,bus,0,hbsh
10,14,bus,0,hbsh
10,15,bus,0,hbsh
11,1,bus,0,hbsh
11,2,bus,0,hbsh
11,3,bus,0,hbsh
11,4,bus,0,hbsh
11,5,bus,0,hbsh
11,6,bus,0,hbsh
11,7,bus,0,hbsh
11,8,bus,0,hbsh
11,9,bus,0,hbsh
11,10,bus,0,hbsh
11,12,bus,0,hbsh
11,13,bus,0,hbsh
11,14,bus,0,hbsh
11,15,bus,0,hbsh
12,1,bus,0,hbsh
12,2,bus,0,hbsh
12,3,bus,0,hbsh
12,4,bus,0,hbsh
12,5,bus,0,hbsh
12,6,bus,0,hbsh
12,7,bus,0,hbsh
12,8,bus,0,hbsh
12,10,bus,0,hbsh
12,11,bus,0,hbsh
12,13,bus,0,hbsh
12,14,bus,0,hbsh
12,15,bus,0,hbsh
13,1,bus,0,hbsh
13,2,bus,0,hbsh
13,3,bus,0,hbsh
13,4,bus,0,hbsh
13,5,bus,0,hbsh
13,6,bus,0,hbsh
13,7,bus,0,hbsh
13,8,bus,0,hbsh
13,9,bus,0,hbsh
13,10,bus,0,hbsh
13,11,bus,0,hbsh
13,12,bus,0,hbsh
13,13,bus,0,hbsh
13,14,bus,0,hbsh
13,15,bus,0,hbsh
14,1,bus,0,hbsh
14,2,bus,0,hbsh
14,3,bus,0,hbsh
14,4,bus,0,hbsh
14,5,bus,0,hbsh
14,6,bus,0,hbsh
14,7,bus,0,hbsh
14,8,bus,0,hbsh
14,9,bus,0,hbsh
14,10,bus,0,hbsh
14,11,bus,0,hbsh
14,12,bus,0,hbsh
14,13,bus,0,hbsh
14,14,bus,0,hbsh
14,15,bus,0,hbsh
15,1,bus,0,hbsh
15,2,bus,0,hbsh
15,3,bus,0,hbsh
15,4,bus,0,hbsh
15,5,bus,0,hbsh
15,6,bus,0,hbsh
15,7,bus,0,hbsh
15,8,bus,0,hbsh
15,9,bus,0,hbsh
15,10,bus,0,hbsh
15,11,bus,0,hbsh
15,12,bus,0,hbsh
15,13,bus,0,hbsh
15,14,bus,0,hbsh
15,15,bus,0,hbsh
1,2,rail,0,hbpb
1,3,rail,0,hbpb
1,4,rail,0,hbpb
1,5,rail,0,hbpb
1,6,rail,0,hbpb
1,7,rail,0,hbpb
1,8,rail,0,hbpb
1,9,rail,0,hbpb
1,10,rail,0,hbpb
1,11,rail,0,hbpb
1,12,rail,0,hbpb
1,13,rail,0,hbpb
1,14,rail,0,hbpb
1,15,rail,0,hbpb
2,4,rail,0,hbpb
2,5,rail,0,hbpb
2,6,rail,0,hbpb
2,7,rail,0,hbpb
2,8,rail,0,hbpb
2,9,rail,0,hbpb
2,10,rail,0,hbpb
2,11,rail,0,hbpb
2,12,rail,0,hbpb
2,13,rail,0,hbpb
2,14,rail,0,hbpb
2,15,rail,0,hbpb
3,6,rail,0,hbpb
3,8,rail,0,hbpb
3,10,rail,0,hbpb
3,11,rail,0,hbpb
3,12,rail,0,hbpb
3,13,rail,0,hbpb
3,14,rail,0,hbpb
3,15,rail,0,hbpb
4,5,rail,0,hbpb
4,8,rail,0,hbpb
4,10,rail,0,hbpb
4,11,rail,0,hbpb
4,12,rail,0,hbpb
4,13,rail,0,hbpb
4,14,rail,0,hbpb
4,15,rail,0,hbpb
5,7,rail,0,hbpb
5,8,rail,0,hbpb
5,10,rail,0,hbpb
5,11,rail,0,hbpb
5,12,rail,0,hbpb
5,13,rail,0,hbpb
5,14,rail,0,hbpb
5,15,rail,0,hbpb
6,7,rail,0,hbpb
6,8,rail,0,hbpb
6,9,rail,0,hbpb
6,10,rail,0,hbpb
6,11,rail,0,hbpb
6,12,rail,0,hbpb
6,13,rail,0,hbpb
6,14,rail,0,hbpb
6,15,rail,0,hbpb
7,8,rail,0,hbpb
7,9,rail,0,hbpb
7,10,rail,0,hbpb
7,11,rail,0,hbpb
7,12,rail,0,hbpb
7,13,rail,0,hbpb
7,14,rail,0,hbpb
7,15,rail,0,hbpb
8,9,rail,0,hbpb
8,10,rail,0,hbpb
8,11,rail,0,hbpb
8,12,rail,0,hbpb
8,13,rail,0,hbpb
8,14,rail,0,hbpb
8,15,rail,0,hbpb
9,10,rail,0,hbpb
9,11,rail,0,hbpb
9,12,rail,0,hbpb
9,13,rail,0,hbpb
9,14,rail,0,hbpb
9,15,rail,0,hbpb
10,11,rail,0,hbpb
10,12,rail,0,hbpb
10,13,rail,0,hbpb
10,14,rail,0,hbpb
10,15,rail,0,hbpb
11,12,rail,0,hbpb
11,13,rail,0,hbpb
11,14,rail,0,hbpb
11,15,rail,0,hbpb
12,13,rail,0,hbpb
12,14,rail,0,hbpb
12,15,rail,0,hbpb
13,14,rail,0,hbpb
13,15,rail,0,hbpb
14,15,rail,0,hbpb
2,1,rail,0,hbpb
3,1,rail,0,hbpb
4,1,rail,0,hbpb
5,1,rail,0,hbpb
6,1,rail,0,hbpb
7,1,rail,0,hbpb
8,1,rail,0,hbpb
9,1,rail,0,hbpb
10,1,rail,0,hbpb
11,1,rail,0,hbpb
12,1,rail,0,hbpb
13,1,rail,0,hbpb
14,1,rail,0,hbpb
15,1,rail,0,hbpb
4,2,rail,0,hbpb
5,2,rail,0,hbpb
6,2,rail,0,hbpb
7,2,rail,0,hbpb
8,2,rail,0,hbpb
9,2,rail,0,hbpb
10,2,rail,0,hbpb
11,2,rail,0,hbpb
12,2,rail,0,hbpb
13,2,rail,0,hbpb
14,2,rail,0,hbpb
15,2,rail,0,hbpb
6,3,rail,0,hbpb
8,3,rail,0,hbpb
10,3,rail,0,hbpb
11,3,rail,0,hbpb
12,3,rail,0,hbpb
13,3,rail,0,hbpb
14,3,rail,0,hbpb
15,3,rail,0,hbpb
5,4,rail,0,hbpb
8,4,rail,0,hbpb
10,4,rail,0,hbpb
11,4,rail,0,hbpb
12,4,rail,0,hbpb
13,4,rail,0,hbpb
14,4,rail,0,hbpb
15,4,rail,0,hbpb
7,5,rail,0,hbpb
8,5,rail,0,hbpb
10,5,rail,0,hbpb
11,5,rail,0,hbpb
12,5,rail,0,hbpb
13,5,rail,0,hbpb
14,5,rail,0,hbpb
15,5,rail,0,hbpb
7,6,rail,0,hbpb
8,6,rail,0,hbpb
9,6,rail,0,hbpb
10,6,rail,0,hbpb
11,6,rail,0,hbpb
12,6,rail,0,hbpb
13,6,rail,0,hbpb
14,6,rail,0,hbpb
15,6,rail,0,hbpb
8,7,rail,0,hbpb
9,7,rail,0,hbpb
10,7,rail,0,hbpb
11,7,rail,0,hbpb
12,7,rail,0,hbpb
13,7,rail,0,hbpb
14,7,rail,0,hbpb
15,7,rail,0,hbpb
9,8,rail,0,hbpb
10,8,rail,0,hbpb
11,8,rail,0,hbpb
12,8,rail,0,hbpb
13,8,rail,0,hbpb
14,8,rail,0,hbpb
15,8,rail,0,hbpb
10,9,rail,0,hbpb
11,9,rail,0,hbpb
12,9,rail,0,hbpb
13,9,rail,0,hbpb
14,9,rail,0,hbpb
15,9,rail,0,hbpb
11,10,rail,0,hbpb
12,10,rail,0,hbpb
13,10,rail,0,hbpb
14,10,rail,0,hbpb
15,10,rail,0,hbpb
12,11,rail,0,hbpb
13,11,rail,0,hbpb
14,11,rail,0,hbpb
15,11,rail,0,hbpb
13,12,rail,0,hbpb
14,12,rail,0,hbpb
15,12,rail,0,hbpb
14,13,rail,0,hbpb
15,13,rail,0,hbpb
15,14,rail,0,hbpb
1,1,rail,0,hbpb
2,2,rail,0,hbpb
5,5,rail,0,hbpb
7,7,rail,0,hbpb
8,8,rail,0,hbpb
9,9,rail,0,hbpb
10,10,rail,0,hbpb
11,11,rail,0,hbpb
12,12,rail,0,hbpb
13,13,rail,0,hbpb
14,14,rail,0,hbpb
15,15,rail,0,hbpb
1,1,bus,0,hbpb
1,2,bus,0,hbpb
1,3,bus,0,hbpb
1,4,bus,0,hbpb
1,5,bus,0,hbpb
1,6,bus,0,hbpb
1,7,bus,0,hbpb
1,8,bus,0,hbpb
1,9,bus,0,hbpb
1,10,bus,0,hbpb
1,11,bus,0,hbpb
1,12,bus,0,hbpb
1,13,bus,0,hbpb
1,14,bus,0,hbpb
1,15,bus,0,hbpb
2,1,bus,0,hbpb
2,3,bus,0,hbpb
2,5,bus,0,hbpb
2,6,bus,0,hbpb
2,7,bus,0,hbpb
2,8,bus,0,hbpb
2,9,bus,0,hbpb
2,10,bus,0,hbpb
2,11,bus,0,hbpb
2,12,bus,0,hbpb
2,13,bus,0,hbpb
2,14,bus,0,hbpb
2,15,bus,0,hbpb
3,1,bus,0,hbpb
3,2,bus,0,hbpb
3,6,bus,0,hbpb
3,7,bus,0,hbpb
3,8,bus,0,hbpb
3,9,bus,0,hbpb
3,10,bus,0,hbpb
3,11,bus,0,hbpb
3,12,bus,0,hbpb
3,13,bus,0,hbpb
3,14,bus,0,hbpb
3,15,bus,0,hbpb
4,1,bus,0,hbpb
4,6,bus,0,hbpb
4,7,bus,0,hbpb
4,8,bus,0,hbpb
4,9,bus,0,hbpb
4,10,bus,0,hbpb
4,11,bus,0,hbpb
4,12,bus,0,hbpb
4,13,bus,0,hbpb
4,14,bus,0,hbpb
4,15,bus,0,hbpb
5,1,bus,0,hbpb
5,2,bus,0,hbpb
5,7,bus,0,hbpb
5,8,bus,0,hbpb
5,9,bus,0,hbpb
5,10,bus,0,hbpb
5,11,bus,0,hbpb
5,12,bus,0,hbpb
5,13,bus,0,hbpb
5,14,bus,0,hbpb
5,15,bus,0,hbpb
6,1,bus,0,hbpb
6,2,bus,0,hbpb
6,3,bus,0,hbpb
6,4,bus,0,hbpb
6,7,bus,0,hbpb
6,8,bus,0,hbpb
6,9,bus,0,hbpb
6,10,bus,0,hbpb
6,11,bus,0,hbpb
6,12,bus,0,hbpb
6,13,bus,0,hbpb
6,14,bus,0,hbpb
6,15,bus,0,hbpb
7,1,bus,0,hbpb
7,2,bus,0,hbpb
7,3,bus,0,hbpb
7,4,bus,0,hbpb
7,5,bus,0,hbpb
7,6,bus,0,hbpb
7,8,bus,0,hbpb
7,9,bus,0,hbpb
7,10,bus,0,hbpb
7,11,bus,0,hbpb
7,12,bus,0,hbpb
7,13,bus,0,hbpb
7,14,bus,0,hbpb
7,15,bus,0,hbpb
8,1,bus,0,hbpb
8,2,bus,0,hbpb
8,3,bus,0,hbpb
8,4,bus,0,hbpb
8,5,bus,0,hbpb
8,6,bus,0,hbpb
8,7,bus,0,hbpb
8,9,bus,0,hbpb
8,10,bus,0,hbpb
8,11,bus,0,hbpb
8,12,bus,0,hbpb
8,13,bus,0,hbpb
8,14,bus,0,hbpb
8,15,bus,0,hbpb
9,1,bus,0,hbpb
9,2,bus,0,hbpb
9,3,bus,0,hbpb
9,4,bus,0,hbpb
9,5,bus,0,hbpb
9,6,bus,0,hbpb
9,7,bus,0,hbpb
9,8,bus,0,hbpb
9,10,bus,0,hbpb
9,11,bus,0,hbpb
9,13,bus,0,hbpb
9,14,bus,0,hbpb
9,15,bus,0,hbpb
10,1,bus,0,hbpb
10,2,bus,0,hbpb
10,3,bus,0,hbpb
10,4,bus,0,hbpb
10,5,bus,0,hbpb
10,6,bus,0,hbpb
10,7,bus,0,hbpb
10,8,bus,0,hbpb
10,9,bus,0,hbpb
10,11,bus,0,hbpb
10,12,bus,0,hbpb
10,13,bus,0,hbpb
10,14,bus,0,hbpb
10,15,bus,0,hbpb
11,1,bus,0,hbpb
11,2,bus,0,hbpb
11,3,bus,0,hbpb
11,4,bus,0,hbpb
11,5,bus,0,hbpb
11,6,bus,0,hbpb
11,7,bus,0,hbpb
11,8,bus,0,hbpb
11,9,bus,0,hbpb
11,10,bus,0,hbpb
11,12,bus,0,hbpb
11,13,bus,0,hbpb
11,14,bus,0,hbpb
11,15,bus,0,hbpb
12,1,bus,0,hbpb
12,2,bus,0,hbpb
12,3,bus,0,hbpb
12,4,bus,0,hbpb
12,5,bus,0,hbpb
12,6,bus,0,hbpb
12,7,bus,0,hbpb
12,8,bus,0,hbpb
12,10,bus,0,hbpb
12,11,bus,0,hbpb
12,13,bus,0,hbpb
12,14,bus,0,hbpb
12,15,bus,0,hbpb
13,1,bus,0,hbpb
13,2,bus,0,hbpb
13,3,bus,0,hbpb
13,4,bus,0,hbpb
13,5,bus,0,hbpb
13,6,bus,0,hbpb
13,7,bus,0,hbpb
13,8,bus,0,hbpb
13,9,bus,0,hbpb
13,10,bus,0,hbpb
13,11,bus,0,hbpb
13,12,bus,0,hbpb
13,13,bus,0,hbpb
13,14,bus,0,hbpb
13,15,bus,0,hbpb
14,1,bus,0,hbpb
14,2,bus,0,hbpb
14,3,bus,0,hbpb
14,4,bus,0,hbpb
14,5,bus,0,hbpb
14,6,bus,0,hbpb
14,7,bus,0,hbpb
14,8,bus,0,hbpb
14,9,bus,0,hbpb
14,10,bus,0,hbpb
14,11,bus,0,hbpb
14,12,bus,0,hbpb
14,13,bus,0,hbpb
14,14,bus,0,hbpb
14,15,bus,0,hbpb
15,1,bus,0,hbpb
15,2,bus,0,hbpb
15,3,bus,0,hbpb
15,4,bus,0,hbpb
15,5,bus,0,hbpb
15,6,bus,0,hbpb
15,7,bus,0,hbpb
15,8,bus,0,hbpb
15,9,bus,0,hbpb
15,10,bus,0,hbpb
15,11,bus,0,hbpb
15,12,bus,0,hbpb
15,13,bus,0,hbpb
15,14,bus,0,hbpb
15,15,bus,0,hbpb
1,2,rail,0,hbso
1,3,rail,0,hbso
1,4,rail,0,hbso
1,5,rail,0,hbso
1,6,rail,0,hbso
1,7,rail,0,hbso
1,8,rail,0,hbso
1,9,rail,0,hbso
1,10,rail,0,hbso
1,11,rail,0,hbso
1,12,rail,0,hbso
1,13,rail,0,hbso
1,14,rail,0,hbso
1,15,rail,0,hbso
2,4,rail,0,hbso
2,5,rail,0,hbso
2,6,rail,0,hbso
2,7,rail,0,hbso
2,8,rail,0,hbso
2,9,rail,0,hbso
2,10,rail,0,hbso
2,11,rail,0,hbso
2,12,rail,0,hbso
2,13,rail,0,hbso
2,14,rail,0,hbso
2,15,rail,0,hbso
3,6,rail,0,hbso
3,8,rail,0,hbso
3,10,rail,0,hbso
3,11,rail,0,hbso
3,12,rail,0,hbso
3,13,rail,0,hbso
3,14,rail,0,hbso
3,15,rail,0,hbso
4,5,rail,0,hbso
4,8,rail,0,hbso
4,10,rail,0,hbso
4,11,rail,0,hbso
4,12,rail,0,hbso
4,13,rail,0,hbso
4,14,rail,0,hbso
4,15,rail,0,hbso
5,7,rail,0,hbso
5,8,rail,0,hbso
5,10,rail,0,hbso
5,11,rail,0,hbso
5,12,rail,0,hbso
5,13,rail,0,hbso
5,14,rail,0,hbso
5,15,rail,0,hbso
6,7,rail,0,hbso
6,8,rail,0,hbso
6,9,rail,0,hbso
6,10,rail,0,hbso
6,11,rail,0,hbso
6,12,rail,0,hbso
6,13,rail,0,hbso
6,14,rail,0,hbso
6,15,rail,0,hbso
7,8,rail,0,hbso
7,9,rail,0,hbso
7,10,rail,0,hbso
7,11,rail,0,hbso
7,12,rail,0,hbso
7,13,rail,0,hbso
7,14,rail,0,hbso
7,15,rail,0,hbso
8,9,rail,0,hbso
8,10,rail,0,hbso
8,11,rail,0,hbso
8,12,rail,0,hbso
8,13,rail,0,hbso
8,14,rail,0,hbso
8,15,rail,0,hbso
9,10,rail,0,hbso
9,11,rail,0,hbso
9,12,rail,0,hbso
9,13,rail,0,hbso
9,14,rail,0,hbso
9,15,rail,0,hbso
10,11,rail,0,hbso
10,12,rail,0,hbso
10,13,rail,0,hbso
10,14,rail,0,hbso
10,15,rail,0,hbso
11,12,rail,0,hbso
11,13,rail,0,hbso
11,14,rail,0,hbso
11,15,rail,0,hbso
12,13,rail,0,hbso
12,14,rail,0,hbso
12,15,rail,0,hbso
13,14,rail,0,hbso
13,15,rail,0,hbso
14,15,rail,0,hbso
2,1,rail,0,hbso
3,1,rail,0,hbso
4,1,rail,0,hbso
5,1,rail,0,hbso
6,1,rail,0,hbso
7,1,rail,0,hbso
8,1,rail,0,hbso
9,1,rail,0,hbso
10,1,rail,0,hbso
11,1,rail,0,hbso
12,1,rail,0,hbso
13,1,rail,0,hbso
14,1,rail,0,hbso
15,1,rail,0,hbso
4,2,rail,0,hbso
5,2,rail,0,hbso
6,2,rail,0,hbso
7,2,rail,0,hbso
8,2,rail,0,hbso
9,2,rail,0,hbso
10,2,rail,0,hbso
11,2,rail,0,hbso
12,2,rail,0,hbso
13,2,rail,0,hbso
14,2,rail,0,hbso
15,2,rail,0,hbso
6,3,rail,0,hbso
8,3,rail,0,hbso
10,3,rail,0,hbso
11,3,rail,0,hbso
12,3,rail,0,hbso
13,3,rail,0,hbso
14,3,rail,0,hbso
15,3,rail,0,hbso
5,4,rail,0,hbso
8,4,rail,0,hbso
10,4,rail,0,hbso
11,4,rail,0,hbso
12,4,rail,0,hbso
13,4,rail,0,hbso
14,4,rail,0,hbso
15,4,rail,0,hbso
7,5,rail,0,hbso
8,5,rail,0,hbso
10,5,rail,0,hbso
11,5,rail,0,hbso
12,5,rail,0,hbso
13,5,rail,0,hbso
14,5,rail,0,hbso
15,5,rail,0,hbso
7,6,rail,0,hbso
8,6,rail,0,hbso
9,6,rail,0,hbso
10,6,rail,0,hbso
11,6,rail,0,hbso
12,6,rail,0,hbso
13,6,rail,0,hbso
14,6,rail,0,hbso
15,6,rail,0,hbso
8,7,rail,0,hbso
9,7,rail,0,hbso
10,7,rail,0,hbso
11,7,rail,0,hbso
12,7,rail,0,hbso
13,7,rail,0,hbso
14,7,rail,0,hbso
15,7,rail,0,hbso
9,8,rail,0,hbso
10,8,rail,0,hbso
11,8,rail,0,hbso
12,8,rail,0,hbso
13,8,rail,0,hbso
14,8,rail,0,hbso
15,8,rail,0,hbso
10,9,rail,0,hbso
11,9,rail,0,hbso
12,9,rail,0,hbso
13,9,rail,0,hbso
14,9,rail,0,hbso
15,9,rail,0,hbso
11,10,rail,0,hbso
12,10,rail,0,hbso
13,10,rail,0,hbso
14,10,rail,0,hbso
15,10,rail,0,hbso
12,11,rail,0,hbso
13,11,rail,0,hbso
14,11,rail,0,hbso
15,11,rail,0,hbso
13,12,rail,0,hbso
14,12,rail,0,hbso
15,12,rail,0,hbso
14,13,rail,0,hbso
15,13,rail,0,hbso
15,14,rail,0,hbso
1,1,rail,0,hbso
2,2,rail,0,hbso
5,5,rail,0,hbso
7,7,rail,0,hbso
8,8,rail,0,hbso
9,9,rail,0,hbso
10,10,rail,0,hbso
11,11,rail,0,hbso
12,12,rail,0,hbso
13,13,rail,0,hbso
14,14,rail,0,hbso
15,15,rail,0,hbso
1,1,bus,0,hbso
1,2,bus,0,hbso
1,3,bus,0,hbso
1,4,bus,0,hbso
1,5,bus,0,hbso
1,6,bus,0,hbso
1,7,bus,0,hbso
1,8,bus,0,hbso
1,9,bus,0,hbso
1,10,bus,0,hbso
1,11,bus,0,hbso
1,12,bus,0,hbso
1,13,bus,0,hbso
1,14,bus,0,hbso
1,15,bus,0,hbso
2,1,bus,0,hbso
2,3,bus,0,hbso
2,5,bus,0,hbso
2,6,bus,0,hbso
2,7,bus,0,hbso
2,8,bus,0,hbso
2,9,bus,0,hbso
2,10,bus,0,hbso
2,11,bus,0,hbso
2,12,bus,0,hbso
2,13,bus,0,hbso
2,14,bus,0,hbso
2,15,bus,0,hbso
3,1,bus,0,hbso
3,2,bus,0,hbso
3,6,bus,0,hbso
3,7,bus,0,hbso
3,8,bus,0,hbso
3,9,bus,0,hbso
3,10,bus,0,hbso
3,11,bus,0,hbso
3,12,bus,0,hbso
3,13,bus,0,hbso
3,14,bus,0,hbso
3,15,bus,0,hbso
4,1,bus,0,hbso
4,6,bus,0,hbso
4,7,bus,0,hbso
4,8,bus,0,hbso
4,9,bus,0,hbso
4,10,bus,0,hbso
4,11,bus,0,hbso
4,12,bus,0,hbso
4,13,bus,0,hbso
4,14,bus,0,hbso
4,15,bus,0,hbso
5,1,bus,0,hbso
5,2,bus,0,hbso
5,7,bus,0,hbso
5,8,bus,0,hbso
5,9,bus,0,hbso
5,10,bus,0,hbso
5,11,bus,0,hbso
5,12,bus,0,hbso
5,13,bus,0,hbso
5,14,bus,0,hbso
5,15,bus,0,hbso
6,1,bus,0,hbso
6,2,bus,0,hbso
6,3,bus,0,hbso
6,4,bus,0,hbso
6,7,bus,0,hbso
6,8,bus,0,hbso
6,9,bus,0,hbso
6,10,bus,0,hbso
6,11,bus,0,hbso
6,12,bus,0,hbso
6,13,bus,0,hbso
6,14,bus,0,hbso
6,15,bus,0,hbso
7,1,bus,0,hbso
7,2,bus,0,hbso
7,3,bus,0,hbso
7,4,bus,0,hbso
7,5,bus,0,hbso
7,6,bus,0,hbso
7,8,bus,0,hbso
7,9,bus,0,hbso
7,10,bus,0,hbso
7,11,bus,0,hbso
7,12,bus,0,hbso
7,13,bus,0,hbso
7,14,bus,0,hbso
7,15,bus,0,hbso
8,1,bus,0,hbso
8,2,bus,0,hbso
8,3,bus,0,hbso
8,4,bus,0,hbso
8,5,bus,0,hbso
8,6,bus,0,hbso
8,7,bus,0,hbso
8,9,bus,0,hbso
8,10,bus,0,hbso
8,11,bus,0,hbso
8,12,bus,0,hbso
8,13,bus,0,hbso
8,14,bus,0,hbso
8,15,bus,0,hbso
9,1,bus,0,hbso
9,2,bus,0,hbso
9,3,bus,0,hbso
9,4,bus,0,hbso
9,5,bus,0,hbso
9,6,bus,0,hbso
9,7,bus,0,hbso
9,8,bus,0,hbso
9,10,bus,0,hbso
9,11,bus,0,hbso
9,13,bus,0,hbso
9,14,bus,0,hbso
9,15,bus,0,hbso
10,1,bus,0,hbso
10,2,bus,0,hbso
10,3,bus,0,hbso
10,4,bus,0,hbso
10,5,bus,0,hbso
10,6,bus,0,hbso
10,7,bus,0,hbso
10,8,bus,0,hbso
10,9,bus,0,hbso
10,11,bus,0,hbso
10,12,bus,0,hbso
10,13,bus,0,hbso
10,14,bus,0,hbso
10,15,bus,0,hbso
11,1,bus,0,hbso
11,2,bus,0,hbso
11,3,bus,0,hbso
11,4,bus,0,hbso
11,5,bus,0,hbso
11,6,bus,0,hbso
11,7,bus,0,hbso
11,8,bus,0,hbso
11,9,bus,0,hbso
11,10,bus,0,hbso
11,12,bus,0,hbso
11,13,bus,0,hbso
11,14,bus,0,hbso
11,15,bus,0,hbso
12,1,bus,0,hbso
12,2,bus,0,hbso
12,3,bus,0,hbso
12,4,bus,0,hbso
12,5,bus,0,hbso
12,6,bus,0,hbso
12,7,bus,0,hbso
12,8,bus,0,hbso
12,10,bus,0,hbso
12,11,bus,0,hbso
12,13,bus,0,hbso
12,14,bus,0,hbso
12,15,bus,0,hbso
13,1,bus,0,hbso
13,2,bus,0,hbso
13,3,bus,0,hbso
13,4,bus,0,hbso
13,5,bus,0,hbso
13,6,bus,0,hbso
13,7,bus,0,hbso
13,8,bus,0,hbso
13,9,bus,0,hbso
13,10,bus,0,hbso
13,11,bus,0,hbso
13,12,bus,0,hbso
13,13,bus,0,hbso
13,14,bus,0,hbso
13,15,bus,0,hbso
14,1,bus,0,hbso
14,2,bus,0,hbso
14,3,bus,0,hbso
14,4,bus,0,hbso
14,5,bus,0,hbso
14,6,bus,0,hbso
14,7,bus,0,hbso
14,8,bus,0,hbso
14,9,bus,0,hbso
14,10,bus,0,hbso
14,11,bus,0,hbso
14,12,bus,0,hbso
14,13,bus,0,hbso
14,14,bus,0,hbso
14,15,bus,0,hbso
15,1,bus,0,hbso
15,2,bus,0,hbso
15,3,bus,0,hbso
15,4,bus,0,hbso
15,5,bus,0,hbso
15,6,bus,0,hbso
15,7,bus,0,hbso
15,8,bus,0,hbso
15,9,bus,0,hbso
15,10,bus,0,hbso
15,11,bus,0,hbso
15,12,bus,0,hbso
15,13,bus,0,hbso
15,14,bus,0,hbso
15,15,bus,0,hbso
1,2,rail,0,hbes
1,3,rail,0,hbes
1,4,rail,0,hbes
1,5,rail,0,hbes
1,6,rail,0,hbes
1,7,rail,0,hbes
1,8,rail,0,hbes
1,9,rail,0,hbes
1,10,rail,0,hbes
1,11,rail,0,hbes
1,12,rail,0,hbes
1,13,rail,0,hbes
1,14,rail,0,hbes
1,15,rail,0,hbes
2,4,rail,0,hbes
2,5,rail,0,hbes
2,6,rail,0,hbes
2,7,rail,0,hbes
2,8,rail,0,hbes
2,9,rail,0,hbes
2,10,rail,0,hbes
2,11,rail,0,hbes
2,12,rail,0,hbes
2,13,rail,0,hbes
2,14,rail,0,hbes
2,15,rail,0,hbes
3,6,rail,0,hbes
3,8,rail,0,hbes
3,10,rail,0,hbes
3,11,rail,0,hbes
3,12,rail,0,hbes
3,13,rail,0,hbes
3,14,rail,0,hbes
3,15,rail,0,hbes
4,5,rail,0,hbes
4,8,rail,0,hbes
4,10,rail,0,hbes
4,11,rail,0,hbes
4,12,rail,0,hbes
4,13,rail,0,hbes
4,14,rail,0,hbes
4,15,rail,0,hbes
5,7,rail,0,hbes
5,8,rail,0,hbes
5,10,rail,0,hbes
5,11,rail,0,hbes
5,12,rail,0,hbes
5,13,rail,0,hbes
5,14,rail,0,hbes
5,15,rail,0,hbes
6,7,rail,0,hbes
6,8,rail,0,hbes
6,9,rail,0,hbes
6,10,rail,0,hbes
6,11,rail,0,hbes
6,12,rail,0,hbes
6,13,rail,0,hbes
6,14,rail,0,hbes
6,15,rail,0,hbes
7,8,rail,0,hbes
7,9,rail,0,hbes
7,10,rail,0,hbes
7,11,rail,0,hbes
7,12,rail,0,hbes
7,13,rail,0,hbes
7,14,rail,0,hbes
7,15,rail,0,hbes
8,9,rail,0,hbes
8,10,rail,0,hbes
8,11,rail,0,hbes
8,12,rail,0,hbes
8,13,rail,0,hbes
8,14,rail,0,hbes
8,15,rail,0,hbes
9,10,rail,0,hbes
9,11,rail,0,hbes
9,12,rail,0,hbes
9,13,rail,0,hbes
9,14,rail,0,hbes
9,15,rail,0,hbes
10,11,rail,0,hbes
10,12,rail,0,hbes
10,13,rail,0,hbes
10,14,rail,0,hbes
10,15,rail,0,hbes
11,12,rail,0,hbes
11,13,rail,0,hbes
11,14,rail,0,hbes
11,15,rail,0,hbes
12,13,rail,0,hbes
12,14,rail,0,hbes
12,15,rail,0,hbes
13,14,rail,0,hbes
13,15,rail,0,hbes
14,15,rail,0,hbes
2,1,rail,0,hbes
3,1,rail,0,hbes
4,1,rail,0,hbes
5,1,rail,0,hbes
6,1,rail,0,hbes
7,1,rail,0,hbes
8,1,rail,0,hbes
9,1,rail,0,hbes
10,1,rail,0,hbes
11,1,rail,0,hbes
12,1,rail,0,hbes
13,1,rail,0,hbes
14,1,rail,0,hbes
15,1,rail,0,hbes
4,2,rail,0,hbes
5,2,rail,0,hbes
6,2,rail,0,hbes
7,2,rail,0,hbes
8,2,rail,0,hbes
9,2,rail,0,hbes
10,2,rail,0,hbes
11,2,rail,0,hbes
12,2,rail,0,hbes
13,2,rail,0,hbes
14,2,rail,0,hbes
15,2,rail,0,hbes
6,3,rail,0,hbes
8,3,rail,0,hbes
10,3,rail,0,hbes
11,3,rail,0,hbes
12,3,rail,0,hbes
13,3,rail,0,hbes
14,3,rail,0,hbes
15,3,rail,0,hbes
5,4,rail,0,hbes
8,4,rail,0,hbes
10,4,rail,0,hbes
11,4,rail,0,hbes
12,4,rail,0,hbes
13,4,rail,0,hbes
14,4,rail,0,hbes
15,4,rail,0,hbes
7,5,rail,0,hbes
8,5,rail,0,hbes
10,5,rail,0,hbes
11,5,rail,0,hbes
12,5,rail,0,hbes
13,5,rail,0,hbes
14,5,rail,0,hbes
15,5,rail,0,hbes
7,6,rail,0,hbes
8,6,rail,0,hbes
9,6,rail,0,hbes
10,6,rail,0,hbes
11,6,rail,0,hbes
12,6,rail,0,hbes
13,6,rail,0,hbes
14,6,rail,0,hbes
15,6,rail,0,hbes
8,7,rail,0,hbes
9,7,rail,0,hbes
10,7,rail,0,hbes
11,7,rail,0,hbes
12,7,rail,0,hbes
13,7,rail,0,hbes
14,7,rail,0,hbes
15,7,rail,0,hbes
9,8,rail,0,hbes
10,8,rail,0,hbes
11,8,rail,0,hbes
12,8,rail,0,hbes
13,8,rail,0,hbes
14,8,rail,0,hbes
15,8,rail,0,hbes
10,9,rail,0,hbes
11,9,rail,0,hbes
12,9,rail,0,hbes
13,9,rail,0,hbes
14,9,rail,0,hbes
15,9,rail,0,hbes
11,10,rail,0,hbes
12,10,rail,0,hbes
13,10,rail,0,hbes
14,10,rail,0,hbes
15,10,rail,0,hbes
12,11,rail,0,hbes
13,11,rail,0,hbes
14,11,rail,0,hbes
15,11,rail,0,hbes
13,12,rail,0,hbes
14,12,rail,0,hbes
15,12,rail,0,hbes
14,13,rail,0,hbes
15,13,rail,0,hbes
15,14,rail,0,hbes
1,1,rail,0,hbes
2,2,rail,0,hbes
5,5,rail,0,hbes
7,7,rail,0,hbes
8,8,rail,0,hbes
9,9,rail,0,hbes
10,10,rail,0,hbes
11,11,rail,0,hbes
12,12,rail,0,hbes
13,13,rail,0,hbes
14,14,rail,0,hbes
15,15,rail,0,hbes
1,1,bus,0,hbes
1,2,bus,0,hbes
1,3,bus,0,hbes
1,4,bus,0,hbes
1,5,bus,0,hbes
1,6,bus,0,hbes
1,7,bus,0,hbes
1,8,bus,0,hbes
1,9,bus,0,hbes
1,10,bus,0,hbes
1,11,bus,0,hbes
1,12,bus,0,hbes
1,13,bus,0,hbes
1,14,bus,0,hbes
1,15,bus,0,hbes
2,1,bus,0,hbes
2,3,bus,0,hbes
2,5,bus,0,hbes
2,6,bus,0,hbes
2,7,bus,0,hbes
2,8,bus,0,hbes
2,9,bus,0,hbes
2,10,bus,0,hbes
2,11,bus,0,hbes
2,12,bus,0,hbes
2,13,bus,0,hbes
2,14,bus,0,hbes
2,15,bus,0,hbes
3,1,bus,0,hbes
3,2,bus,0,hbes
3,6,bus,0,hbes
3,7,bus,0,hbes
3,8,bus,0,hbes
3,9,bus,0,hbes
3,10,bus,0,hbes
3,11,bus,0,hbes
3,12,bus,0,hbes
3,13,bus,0,hbes
3,14,bus,0,hbes
3,15,bus,0,hbes
4,1,bus,0,hbes
4,6,bus,0,hbes
4,7,bus,0,hbes
4,8,bus,0,hbes
4,9,bus,0,hbes
4,10,bus,0,hbes
4,11,bus,0,hbes
4,12,bus,0,hbes
4,13,bus,0,hbes
4,14,bus,0,hbes
4,15,bus,0,hbes
5,1,bus,0,hbes
5,2,bus,0,hbes
5,7,bus,0,hbes
5,8,bus,0,hbes
5,9,bus,0,hbes
5,10,bus,0,hbes
5,11,bus,0,hbes
5,12,bus,0,hbes
5,13,bus,0,hbes
5,14,bus,0,hbes
5,15,bus,0,hbes
6,1,bus,0,hbes
6,2,bus,0,hbes
6,3,bus,0,hbes
6,4,bus,0,hbes
6,7,bus,0,hbes
6,8,bus,0,hbes
6,9,bus,0,hbes
6,10,bus,0,hbes
6,11,bus,0,hbes
6,12,bus,0,hbes
6,13,bus,0,hbes
6,14,bus,0,hbes
6,15,bus,0,hbes
7,1,bus,0,hbes
7,2,bus,0,hbes
7,3,bus,0,hbes
7,4,bus,0,hbes
7,5,bus,0,hbes
7,6,bus,0,hbes
7,8,bus,0,hbes
7,9,bus,0,hbes
7,10,bus,0,hbes
7,11,bus,0,hbes
7,12,bus,0,hbes
7,13,bus,0,hbes
7,14,bus,0,hbes
7,15,bus,0,hbes
8,1,bus,0,hbes
8,2,bus,0,hbes
8,3,bus,0,hbes
8,4,bus,0,hbes
8,5,bus,0,hbes
8,6,bus,0,hbes
8,7,bus,0,hbes
8,9,bus,0,hbes
8,10,bus,0,hbes
8,11,bus,0,hbes
8,12,bus,0,hbes
8,13,bus,0,hbes
8,14,bus,0,hbes
8,15,bus,0,hbes
9,1,bus,0,hbes
9,2,bus,0,hbes
9,3,bus,0,hbes
9,4,bus,0,hbes
9,5,bus,0,hbes
9,6,bus,0,hbes
9,7,bus,0,hbes
9,8,bus,0,hbes
9,10,bus,0,hbes
9,11,bus,0,hbes
9,13,bus,0,hbes
9,14,bus,0,hbes
9,15,bus,0,hbes
10,1,bus,0,hbes
10,2,bus,0,hbes
10,3,bus,0,hbes
10,4,bus,0,hbes
10,5,bus,0,hbes
10,6,bus,0,hbes
10,7,bus,0,hbes
10,8,bus,0,hbes
10,9,bus,0,hbes
10,11,bus,0,hbes
10,12,bus,0,hbes
10,13,bus,0,hbes
10,14,bus,0,hbes
10,15,bus,0,hbes
11,1,bus,0,hbes
11,2,bus,0,hbes
11,3,bus,0,hbes
11,4,bus,0,hbes
11,5,bus,0,hbes
11,6,bus,0,hbes
11,7,bus,0,hbes
11,8,bus,0,hbes
11,9,bus,0,hbes
11,10,bus,0,hbes
11,12,bus,0,hbes
11,13,bus,0,hbes
11,14,bus,0,hbes
11,15,bus,0,hbes
12,1,bus,0,hbes
12,2,bus,0,hbes
12,3,bus,0,hbes
12,4,bus,0,hbes
12,5,bus,0,hbes
12,6,bus,0,hbes
12,7,bus,0,hbes
12,8,bus,0,hbes
12,10,bus,0,hbes
12,11,bus,0,hbes
12,13,bus,0,hbes
12,14,bus,0,hbes
12,15,bus,0,hbes
13,1,bus,0,hbes
13,2,bus,0,hbes
13,3,bus,0,hbes
13,4,bus,0,hbes
13,5,bus,0,hbes
13,6,bus,0,hbes
13,7,bus,0,hbes
13,8,bus,0,hbes
13,9,bus,0,hbes
13,10,bus,0,hbes
13,11,bus,0,hbes
13,12,bus,0,hbes
13,13,bus,0,hbes
13,14,bus,0,hbes
13,15,bus,0,hbes
14,1,bus,0,hbes
14,2,bus,0,hbes
14,3,bus,0,hbes
14,4,bus,0,hbes
14,5,bus,0,hbes
14,6,bus,0,hbes
14,7,bus,0,hbes
14,8,bus,0,hbes
14,9,bus,0,hbes
14,10,bus,0,hbes
14,11,bus,0,hbes
14,12,bus,0,hbes
14,13,bus,0,hbes
14,14,bus,0,hbes
14,15,bus,0,hbes
15,1,bus,0,hbes
15,2,bus,0,hbes
15,3,bus,0,hbes
15,4,bus,0,hbes
15,5,bus,0,hbes
15,6,bus,0,hbes
15,7,bus,0,hbes
15,8,bus,0,hbes
15,9,bus,0,hbes
15,10,bus,0,hbes
15,11,bus,0,hbes
15,12,bus,0,hbes
15,13,bus,0,hbes
15,14,bus,0,hbes
15,15,bus,0,hbes
1,2,rail,0,nhbw
1,3,rail,0,nhbw
1,4,rail,0,nhbw
1,5,rail,0,nhbw
1,6,rail,0,nhbw
1,7,rail,0,nhbw
1,8,rail,0,nhbw
1,9,rail,0,nhbw
1,10,rail,0,nhbw
1,11,rail,0,nhbw
1,12,rail,0,nhbw
1,13,rail,0,nhbw
1,14,rail,0,nhbw
1,15,rail,0,nhbw
2,4,rail,0,nhbw
2,5,rail,0,nhbw
2,6,rail,0,nhbw
2,7,rail,0,nhbw
2,8,rail,0,nhbw
2,9,rail,0,nhbw
2,10,rail,0,nhbw
2,11,rail,0,nhbw
2,12,rail,0,nhbw
2,13,rail,0,nhbw
2,14,rail,0,nhbw
2,15,rail,0,nhbw
3,6,rail,0,nhbw
3,8,rail,0,nhbw
3,10,rail,0,nhbw
3,11,rail,0,nhbw
3,12,rail,0,nhbw
3,13,rail,0,nhbw
3,14,rail,0,nhbw
3,15,rail,0,nhbw
4,5,rail,0,nhbw
4,8,rail,0,nhbw
4,10,rail,0,nhbw
4,11,rail,0,nhbw
4,12,rail,0,nhbw
4,13,rail,0,nhbw
4,14,rail,0,nhbw
4,15,rail,0,nhbw
5,7,rail,0,nhbw
5,8,rail,0,nhbw
5,10,rail,0,nhbw
5,11,rail,0,nhbw
5,12,rail,0,nhbw
5,13,rail,0,nhbw
5,14,rail,0,nhbw
5,15,rail,0,nhbw
6,7,rail,0,nhbw
6,8,rail,0,nhbw
6,9,rail,0,nhbw
6,10,rail,0,nhbw
6,11,rail,0,nhbw
6,12,rail,0,nhbw
6,13,rail,0,nhbw
6,14,rail,0,nhbw
6,15,rail,0,nhbw
7,8,rail,0,nhbw
7,9,rail,0,nhbw
7,10,rail,0,nhbw
7,11,rail,0,nhbw
7,12,rail,0,nhbw
7,13,rail,0,nhbw
7,14,rail,0,nhbw
7,15,rail,0,nhbw
8,9,rail,0,nhbw
8,10,rail,0,nhbw
8,11,rail,0,nhbw
8,12,rail,0,nhbw
8,13,rail,0,nhbw
8,14,rail,0,nhbw
8,15,rail,0,nhbw
9,10,rail,0,nhbw
9,11,rail,0,nhbw
9,12,rail,0,nhbw
9,13,rail,0,nhbw
9,14,rail,0,nhbw
9,15,rail,0,nhbw
10,11,rail,0,nhbw
10,12,rail,0,nhbw
10,13,rail,0,nhbw
10,14,rail,0,nhbw
10,15,rail,0,nhbw
11,12,rail,0,nhbw
11,13,rail,0,nhbw
11,14,rail,0,nhbw
11,15,rail,0,nhbw
12,13,rail,0,nhbw
12,14,rail,0,nhbw
12,15,rail,0,nhbw
13,14,rail,0,nhbw
13,15,rail,0,nhbw
14,15,rail,0,nhbw
2,1,rail,0,nhbw
3,1,rail,0,nhbw
4,1,rail,0,nhbw
5,1,rail,0,nhbw
6,1,rail,0,nhbw
7,1,rail,0,nhbw
8,1,rail,0,nhbw
9,1,rail,0,nhbw
10,1,rail,0,nhbw
11,1,rail,0,nhbw
12,1,rail,0,nhbw
13,1,rail,0,nhbw
14,1,rail,0,nhbw
15,1,rail,0,nhbw
4,2,rail,0,nhbw
5,2,rail,0,nhbw
6,2,rail,0,nhbw
7,2,rail,0,nhbw
8,2,rail,0,nhbw
9,2,rail,0,nhbw
10,2,rail,0,nhbw
11,2,rail,0,nhbw
12,2,rail,0,nhbw
13,2,rail,0,nhbw
14,2,rail,0,nhbw
15,2,rail,0,nhbw
6,3,rail,0,nhbw
8,3,rail,0,nhbw
10,3,rail,0,nhbw
11,3,rail,0,nhbw
12,3,rail,0,nhbw
13,3,rail,0,nhbw
14,3,rail,0,nhbw
15,3,rail,0,nhbw
5,4,rail,0,nhbw
8,4,rail,0,nhbw
10,4,rail,0,nhbw
11,4,rail,0,nhbw
12,4,rail,0,nhbw
13,4,rail,0,nhbw
14,4,rail,0,nhbw
15,4,rail,0,nhbw
7,5,rail,0,nhbw
8,5,rail,0,nhbw
10,5,rail,0,nhbw
11,5,rail,0,nhbw
12,5,rail,0,nhbw
13,5,rail,0,nhbw
14,5,rail,0,nhbw
15,5,rail,0,nhbw
7,6,rail,0,nhbw
8,6,rail,0,nhbw
9,6,rail,0,nhbw
10,6,rail,0,nhbw
11,6,rail,0,nhbw
12,6,rail,0,nhbw
13,6,rail,0,nhbw
14,6,rail,0,nhbw
15,6,rail,0,nhbw
8,7,rail,0,nhbw
9,7,rail,0,nhbw
10,7,rail,0,nhbw
11,7,rail,0,nhbw
12,7,rail,0,nhbw
13,7,rail,0,nhbw
14,7,rail,0,nhbw
15,7,rail,0,nhbw
9,8,rail,0,nhbw
10,8,rail,0,nhbw
11,8,rail,0,nhbw
12,8,rail,0,nhbw
13,8,rail,0,nhbw
14,8,rail,0,nhbw
15,8,rail,0,nhbw
10,9,rail,0,nhbw
11,9,rail,0,nhbw
12,9,rail,0,nhbw
13,9,rail,0,nhbw
14,9,rail,0,nhbw
15,9,rail,0,nhbw
11,10,rail,0,nhbw
12,10,rail,0,nhbw
13,10,rail,0,nhbw
14,10,rail,0,nhbw
15,10,rail,0,nhbw
12,11,rail,0,nhbw
13,11,rail,0,nhbw
14,11,rail,0,nhbw
15,11,rail,0,nhbw
13,12,rail,0,nhbw
14,12,rail,0,nhbw
15,12,rail,0,nhbw
14,13,rail,0,nhbw
15,13,rail,0,nhbw
15,14,rail,0,nhbw
1,1,rail,0,nhbw
2,2,rail,0,nhbw
5,5,rail,0,nhbw
7,7,rail,0,nhbw
8,8,rail,0,nhbw
9,9,rail,0,nhbw
10,10,rail,0,nhbw
11,11,rail,0,nhbw
12,12,rail,0,nhbw
13,13,rail,0,nhbw
14,14,rail,0,nhbw
15,15,rail,0,nhbw
1,1,bus,0,nhbw
1,2,bus,0,nhbw
1,3,bus,0,nhbw
1,4,bus,0,nhbw
1,5,bus,0,nhbw
1,6,bus,0,nhbw
1,7,bus,0,nhbw
1,8,bus,0,nhbw
1,9,bus,0,nhbw
1,10,bus,0,nhbw
1,11,bus,0,nhbw
1,12,bus,0,nhbw
1,13,bus,0,nhbw
1,14,bus,0,nhbw
1,15,bus,0,nhbw
2,1,bus,0,nhbw
2,3,bus,0,nhbw
2,5,bus,0,nhbw
2,6,bus,0,nhbw
2,7,bus,0,nhbw
2,8,bus,0,nhbw
2,9,bus,0,nhbw
2,10,bus,0,nhbw
2,11,bus,0,nhbw
2,12,bus,0,nhbw
2,13,bus,0,nhbw
2,14,bus,0,nhbw
2,15,bus,0,nhbw
3,1,bus,0,nhbw
3,2,bus,0,nhbw
3,6,bus,0,nhbw
3,7,bus,0,nhbw
3,8,bus,0,nhbw
3,9,bus,0,nhbw
3,10,bus,0,nhbw
3,11,bus,0,nhbw
3,12,bus,0,nhbw
3,13,bus,0,nhbw
3,14,bus,0,nhbw
3,15,bus,0,nhbw
4,1,bus,0,nhbw
4,6,bus,0,nhbw
4,7,bus,0,nhbw
4,8,bus,0,nhbw
4,9,bus,0,nhbw
4,10,bus,0,nhbw
4,11,bus,0,nhbw
4,12,bus,0,nhbw
4,13,bus,0,nhbw
4,14,bus,0,nhbw
4,15,bus,0,nhbw
5,1,bus,0,nhbw
5,2,bus,0,nhbw
5,7,bus,0,nhbw
5,8,bus,0,nhbw
5,9,bus,0,nhbw
5,10,bus,0,nhbw
5,11,bus,0,nhbw
5,12,bus,0,nhbw
5,13,bus,0,nhbw
5,14,bus,0,nhbw
5,15,bus,0,nhbw
6,1,bus,0,nhbw
6,2,bus,0,nhbw
6,3,bus,0,nhbw
6,4,bus,0,nhbw
6,7,bus,0,nhbw
6,8,bus,0,nhbw
6,9,bus,0,nhbw
6,10,bus,0,nhbw
6,11,bus,0,nhbw
6,12,bus,0,nhbw
6,13,bus,0,nhbw
6,14,bus,0,nhbw
6,15,bus,0,nhbw
7,1,bus,0,nhbw
7,2,bus,0,nhbw
7,3,bus,0,nhbw
7,4,bus,0,nhbw
7,5,bus,0,nhbw
7,6,bus,0,nhbw
7,8,bus,0,nhbw
7,9,bus,0,nhbw
7,10,bus,0,nhbw
7,11,bus,0,nhbw
7,12,bus,0,nhbw
7,13,bus,0,nhbw
7,14,bus,0,nhbw
7,15,bus,0,nhbw
8,1,bus,0,nhbw
8,2,bus,0,nhbw
8,3,bus,0,nhbw
8,4,bus,0,nhbw
8,5,bus,0,nhbw
8,6,bus,0,nhbw
8,7,bus,0,nhbw
8,9,bus,0,nhbw
8,10,bus,0,nhbw
8,11,bus,0,nhbw
8,12,bus,0,nhbw
8,13,bus,0,nhbw
8,14,bus,0,nhbw
8,15,bus,0,nhbw
9,1,bus,0,nhbw
9,2,bus,0,nhbw
9,3,bus,0,nhbw
9,4,bus,0,nhbw
9,5,bus,0,nhbw
9,6,bus,0,nhbw
9,7,bus,0,nhbw
9,8,bus,0,nhbw
9,10,bus,0,nhbw
9,11,bus,0,nhbw
9,13,bus,0,nhbw
9,14,bus,0,nhbw
9,15,bus,0,nhbw
10,1,bus,0,nhbw
10,2,bus,0,nhbw
10,3,bus,0,nhbw
10,4,bus,0,nhbw
10,5,bus,0,nhbw
10,6,bus,0,nhbw
10,7,bus,0,nhbw
10,8,bus,0,nhbw
10,9,bus,0,nhbw
10,11,bus,0,nhbw
10,12,bus,0,nhbw
10,13,bus,0,nhbw
10,14,bus,0,nhbw
10,15,bus,0,nhbw
11,1,bus,0,nhbw
11,2,bus,0,nhbw
11,3,bus,0,nhbw
11,4,bus,0,nhbw
11,5,bus,0,nhbw
11,6,bus,0,nhbw
11,7,bus,0,nhbw
11,8,bus,0,nhbw
11,9,bus,0,nhbw
11,10,bus,0,nhbw
11,12,bus,0,nhbw
11,13,bus,0,nhbw
11,14,bus,0,nhbw
11,15,bus,0,nhbw
12,1,bus,0,nhbw
12,2,bus,0,nhbw
12,3,bus,0,nhbw
12,4,bus,0,nhbw
12,5,bus,0,nhbw
12,6,bus,0,nhbw
12,7,bus,0,nhbw
12,8,bus,0,nhbw
12,10,bus,0,nhbw
12,11,bus,0,nhbw
12,13,bus,0,nhbw
12,14,bus,0,nhbw
12,15,bus,0,nhbw
13,1,bus,0,nhbw
13,2,bus,0,nhbw
13,3,bus,0,nhbw
13,4,bus,0,nhbw
13,5,bus,0,nhbw
13,6,bus,0,nhbw
13,7,bus,0,nhbw
13,8,bus,0,nhbw
13,9,bus,0,nhbw
13,10,bus,0,nhbw
13,11,bus,0,nhbw
13,12,bus,0,nhbw
13,13,bus,0,nhbw
13,14,bus,0,nhbw
13,15,bus,0,nhbw
14,1,bus,0,nhbw
14,2,bus,0,nhbw
14,3,bus,0,nhbw
14,4,bus,0,nhbw
14,5,bus,0,nhbw
14,6,bus,0,nhbw
14,7,bus,0,nhbw
14,8,bus,0,nhbw
14,9,bus,0,nhbw
14,10,bus,0,nhbw
14,11,bus,0,nhbw
14,12,bus,0,nhbw
14,13,bus,0,nhbw
14,14,bus,0,nhbw
14,15,bus,0,nhbw
15,1,bus,0,nhbw
15,2,bus,0,nhbw
15,3,bus,0,nhbw
15,4,bus,0,nhbw
15,5,bus,0,nhbw
15,6,bus,0,nhbw
15,7,bus,0,nhbw
15,8,bus,0,nhbw
15,9,bus,0,nhbw
15,10,bus,0,nhbw
15,11,bus,0,nhbw
15,12,bus,0,nhbw
15,13,bus,0,nhbw
15,14,bus,0,nhbw
15,15,bus,0,nhbw
1,2,rail,0,nhbo
1,3,rail,0,nhbo
1,4,rail,0,nhbo
1,5,rail,0,nhbo
1,6,rail,0,nhbo
1,7,rail,0,nhbo
1,8,rail,0,nhbo
1,9,rail,0,nhbo
1,10,rail,0,nhbo
1,11,rail,0,nhbo
1,12,rail,0,nhbo
1,13,rail,0,nhbo
1,14,rail,0,nhbo
1,15,rail,0,nhbo
2,4,rail,0,nhbo
2,5,rail,0,nhbo
2,6,rail,0,nhbo
2,7,rail,0,nhbo
2,8,rail,0,nhbo
2,9,rail,0,nhbo
2,10,rail,0,nhbo
2,11,rail,0,nhbo
2,12,rail,0,nhbo
2,13,rail,0,nhbo
2,14,rail,0,nhbo
2,15,rail,0,nhbo
3,6,rail,0,nhbo
3,8,rail,0,nhbo
3,10,rail,0,nhbo
3,11,rail,0,nhbo
3,12,rail,0,nhbo
3,13,rail,0,nhbo
3,14,rail,0,nhbo
3,15,rail,0,nhbo
4,5,rail,0,nhbo
4,8,rail,0,nhbo
4,10,rail,0,nhbo
4,11,rail,0,nhbo
4,12,rail,0,nhbo
4,13,rail,0,nhbo
4,14,rail,0,nhbo
4,15,rail,0,nhbo
5,7,rail,0,nhbo
5,8,rail,0,nhbo
5,10,rail,0,nhbo
5,11,rail,0,nhbo
5,12,rail,0,nhbo
5,13,rail,0,nhbo
5,14,rail,0,nhbo
5,15,rail,0,nhbo
6,7,rail,0,nhbo
6,8,rail,0,nhbo
6,9,rail,0,nhbo
6,10,rail,0,nhbo
6,11,rail,0,nhbo
6,12,rail,0,nhbo
6,13,rail,0,nhbo
6,14,rail,0,nhbo
6,15,rail,0,nhbo
7,8,rail,0,nhbo
7,9,rail,0,nhbo
7,10,rail,0,nhbo
7,11,rail,0,nhbo
7,12,rail,0,nhbo
7,13,rail,0,nhbo
7,14,rail,0,nhbo
7,15,rail,0,nhbo
8,9,rail,0,nhbo
8,10,rail,0,nhbo
8,11,rail,0,nhbo
8,12,rail,0,nhbo
8,13,rail,0,nhbo
8,14,rail,0,nhbo
8,15,rail,0,nhbo
9,10,rail,0,nhbo
9,11,rail,0,nhbo
9,12,rail,0,nhbo
9,13,rail,0,nhbo
9,14,rail,0,nhbo
9,15,rail,0,nhbo
10,11,rail,0,nhbo
10,12,rail,0,nhbo
10,13,rail,0,nhbo
10,14,rail,0,nhbo
10,15,rail,0,nhbo
11,12,rail,0,nhbo
11,13,rail,0,nhbo
11,14,rail,0,nhbo
11,15,rail,0,nhbo
12,13,rail,0,nhbo
12,14,rail,0,nhbo
12,15,rail,0,nhbo
13,14,rail,0,nhbo
13,15,rail,0,nhbo
14,15,rail,0,nhbo
2,1,rail,0,nhbo
3,1,rail,0,nhbo
4,1,rail,0,nhbo
5,1,rail,0,nhbo
6,1,rail,0,nhbo
7,1,rail,0,nhbo
8,1,rail,0,nhbo
9,1,rail,0,nhbo
10,1,rail,0,nhbo
11,1,rail,0,nhbo
12,1,rail,0,nhbo
13,1,rail,0,nhbo
14,1,rail,0,nhbo
15,1,rail,0,nhbo
4,2,rail,0,nhbo
5,2,rail,0,nhbo
6,2,rail,0,nhbo
7,2,rail,0,nhbo
8,2,rail,0,nhbo
9,2,rail,0,nhbo
10,2,rail,0,nhbo
11,2,rail,0,nhbo
12,2,rail,0,nhbo
13,2,rail,0,nhbo
14,2,rail,0,nhbo
15,2,rail,0,nhbo
6,3,rail,0,nhbo
8,3,rail,0,nhbo
10,3,rail,0,nhbo
11,3,rail,0,nhbo
12,3,rail,0,nhbo
13,3,rail,0,nhbo
14,3,rail,0,nhbo
15,3,rail,0,nhbo
5,4,rail,0,nhbo
8,4,rail,0,nhbo
10,4,rail,0,nhbo
11,4,rail,0,nhbo
12,4,rail,0,nhbo
13,4,rail,0,nhbo
14,4,rail,0,nhbo
15,4,rail,0,nhbo
7,5,rail,0,nhbo
8,5,rail,0,nhbo
10,5,rail,0,nhbo
11,5,rail,0,nhbo
12,5,rail,0,nhbo
13,5,rail,0,nhbo
14,5,rail,0,nhbo
15,5,rail,0,nhbo
7,6,rail,0,nhbo
8,6,rail,0,nhbo
9,6,rail,0,nhbo
10,6,rail,0,nhbo
11,6,rail,0,nhbo
12,6,rail,0,nhbo
13,6,rail,0,nhbo
14,6,rail,0,nhbo
15,6,rail,0,nhbo
8,7,rail,0,nhbo
9,7,rail,0,nhbo
10,7,rail,0,nhbo
11,7,rail,0,nhbo
12,7,rail,0,nhbo
13,7,rail,0,nhbo
14,7,rail,0,nhbo
15,7,rail,0,nhbo
9,8,rail,0,nhbo
10,8,rail,0,nhbo
11,8,rail,0,nhbo
12,8,rail,0,nhbo
13,8,rail,0,nhbo
14,8,rail,0,nhbo
15,8,rail,0,nhbo
10,9,rail,0,nhbo
11,9,rail,0,nhbo
12,9,rail,0,nhbo
13,9,rail,0,nhbo
14,9,rail,0,nhbo
15,9,rail,0,nhbo
11,10,rail,0,nhbo
12,10,rail,0,nhbo
13,10,rail,0,nhbo
14,10,rail,0,nhbo
15,10,rail,0,nhbo
12,11,rail,0,nhbo
13,11,rail,0,nhbo
14,11,rail,0,nhbo
15,11,rail,0,nhbo
13,12,rail,0,nhbo
14,12,rail,0,nhbo
15,12,rail,0,nhbo
14,13,rail,0,nhbo
15,13,rail,0,nhbo
15,14,rail,0,nhbo
1,1,rail,0,nhbo
2,2,rail,0,nhbo
5,5,rail,0,nhbo
7,7,rail,0,nhbo
8,8,rail,0,nhbo
9,9,rail,0,nhbo
10,10,rail,0,nhbo
11,11,rail,0,nhbo
12,12,rail,0,nhbo
13,13,rail,0,nhbo
14,14,rail,0,nhbo
15,15,rail,0,nhbo
1,1,bus,0,nhbo
1,2,bus,0,nhbo
1,3,bus,0,nhbo
1,4,bus,0,nhbo
1,5,bus,0,nhbo
1,6,bus,0,nhbo
1,7,bus,0,nhbo
1,8,bus,0,nhbo
1,9,bus,0,nhbo
1,10,bus,0,nhbo
1,11,bus,0,nhbo
1,12,bus,0,nhbo
1,13,bus,0,nhbo
1,14,bus,0,nhbo
1,15,bus,0,nhbo
2,1,bus,0,nhbo
2,3,bus,0,nhbo
2,5,bus,0,nhbo
2,6,bus,0,nhbo
2,7,bus,0,nhbo
2,8,bus,0,nhbo
2,9,bus,0,nhbo
2,10,bus,0,nhbo
2,11,bus,0,nhbo
2,12,bus,0,nhbo
2,13,bus,0,nhbo
2,14,bus,0,nhbo
2,15,bus,0,nhbo
3,1,bus,0,nhbo
3,2,bus,0,nhbo
3,6,bus,0,nhbo
3,7,bus,0,nhbo
3,8,bus,0,nhbo
3,9,bus,0,nhbo
3,10,bus,0,nhbo
3,11,bus,0,nhbo
3,12,bus,0,nhbo
3,13,bus,0,nhbo
3,14,bus,0,nhbo
3,15,bus,0,nhbo
4,1,bus,0,nhbo
4,6,bus,0,nhbo
4,7,bus,0,nhbo
4,8,bus,0,nhbo
4,9,bus,0,nhbo
4,10,bus,0,nhbo
4,11,bus,0,nhbo
4,12,bus,0,nhbo
4,13,bus,0,nhbo
4,14,bus,0,nhbo
4,15,bus,0,nhbo
5,1,bus,0,nhbo
5,2,bus,0,nhbo
5,7,bus,0,nhbo
5,8,bus,0,nhbo
5,9,bus,0,nhbo
5,10,bus,0,nhbo
5,11,bus,0,nhbo
5,12,bus,0,nhbo
5,13,bus,0,nhbo
5,14,bus,0,nhbo
5,15,bus,0,nhbo
6,1,bus,0,nhbo
6,2,bus,0,nhbo
6,3,bus,0,nhbo
6,4,bus,0,nhbo
6,7,bus,0,nhbo
6,8,bus,0,nhbo
6,9,bus,0,nhbo
6,10,bus,0,nhbo
6,11,bus,0,nhbo
6,12,bus,0,nhbo
6,13,bus,0,nhbo
6,14,bus,0,nhbo
6,15,bus,0,nhbo
7,1,bus,0,nhbo
7,2,bus,0,nhbo
7,3,bus,0,nhbo
7,4,bus,0,nhbo
7,5,bus,0,nhbo
7,6,bus,0,nhbo
7,8,bus,0,nhbo
7,9,bus,0,nhbo
7,10,bus,0,nhbo
7,11,bus,0,nhbo
7,12,bus,0,nhbo
7,13,bus,0,nhbo
7,14,bus,0,nhbo
7,15,bus,0,nhbo
8,1,bus,0,nhbo
8,2,bus,0,nhbo
8,3,bus,0,nhbo
8,4,bus,0,nhbo
8,5,bus,0,nhbo
8,6,bus,0,nhbo
8,7,bus,0,nhbo
8,9,bus,0,nhbo
8,10,bus,0,nhbo
8,11,bus,0,nhbo
8,12,bus,0,nhbo
8,13,bus,0,nhbo
8,14,bus,0,nhbo
8,15,bus,0,nhbo
9,1,bus,0,nhbo
9,2,bus,0,nhbo
9,3,bus,0,nhbo
9,4,bus,0,nhbo
9,5,bus,0,nhbo
9,6,bus,0,nhbo
9,7,bus,0,nhbo
9,8,bus,0,nhbo
9,10,bus,0,nhbo
9,11,bus,0,nhbo
9,13,bus,0,nhbo
9,14,bus,0,nhbo
9,15,bus,0,nhbo
10,1,bus,0,nhbo
10,2,bus,0,nhbo
10,3,bus,0,nhbo
10,4,bus,0,nhbo
10,5,bus,0,nhbo
10,6,bus,0,nhbo
10,7,bus,0,nhbo
10,8,bus,0,nhbo
10,9,bus,0,nhbo
10,11,bus,0,nhbo
10,12,bus,0,nhbo
10,13,bus,0,nhbo
10,14,bus,0,nhbo
10,15,bus,0,nhbo
11,1,bus,0,nhbo
11,2,bus,0,nhbo
11,3,bus,0,nhbo
11,4,bus,0,nhbo
11,5,bus,0,nhbo
11,6,bus,0,nhbo
11,7,bus,0,nhbo
11,8,bus,0,nhbo
11,9,bus,0,nhbo
11,10,bus,0,nhbo
11,12,bus,0,nhbo
11,13,bus,0,nhbo
11,14,bus,0,nhbo
11,15,bus,0,nhbo
12,1,bus,0,nhbo
12,2,bus,0,nhbo
12,3,bus,0,nhbo
12,4,bus,0,nhbo
12,5,bus,0,nhbo
12,6,bus,0,nhbo
12,7,bus,0,nhbo
12,8,bus,0,nhbo
12,10,bus,0,nhbo
12,11,bus,0,nhbo
12,13,bus,0,nhbo
12,14,bus,0,nhbo
12,15,bus,0,nhbo
13,1,bus,0,nhbo
13,2,bus,0,nhbo
13,3,bus,0,nhbo
13,4,bus,0,nhbo
13,5,bus,0,nhbo
13,6,bus,0,nhbo
13,7,bus,0,nhbo
13,8,bus,0,nhbo
13,9,bus,0,nhbo
13,10,bus,0,nhbo
13,11,bus,0,nhbo
13,12,bus,0,nhbo
13,13,bus,0,nhbo
13,14,bus,0,nhbo
13,15,bus,0,nhbo
14,1,bus,0,nhbo
14,2,bus,0,nhbo
14,3,bus,0,nhbo
14,4,bus,0,nhbo
14,5,bus,0,nhbo
14,6,bus,0,nhbo
14,7,bus,0,nhbo
14,8,bus,0,nhbo
14,9,bus,0,nhbo
14,10,bus,0,nhbo
14,11,bus,0,nhbo
14,12,bus,0,nhbo
14,13,bus,0,nhbo
14,14,bus,0,nhbo
14,15,bus,0,nhbo
15,1,bus,0,nhbo
15,2,bus,0,nhbo
15,3,bus,0,nhbo
15,4,bus,0,nhbo
15,5,bus,0,nhbo
15,6,bus,0,nhbo
15,7,bus,0,nhbo
15,8,bus,0,nhbo
15,9,bus,0,nhbo
15,10,bus,0,nhbo
15,11,bus,0,nhbo
15,12,bus,0,nhbo
15,13,bus,0,nhbo
15,14,bus,0,nhbo
15,15,bus,0,nhbo
3,4,rail,0,hbu
5,3,bus,0,hbu
4,3,rail,0,hbsc
3,4,rail,0,hbsh
3,4,rail,0,hbw
3,4,rail,0,hbpb
4,3,rail,0,hbpb
4,3,rail,0,hbsh
3,4,rail,0,hbso
3,4,rail,0,nhbo
3,2,rail,0,nhbo
3,2,rail,0,hbu
4,3,rail,0,hbso
4,3,rail,0,nhbo
3,2,rail,0,hbsh
3,2,rail,0,hbso
2,3,rail,0,nhbo
3,2,rail,0,hbw
2,3,rail,0,hbso
2,3,rail,0,hbsh
3,5,rail,0,nhbo
3,2,rail,0,hbpb
3,4,rail,0,nhbw
5,3,rail,0,nhbo
4,3,rail,0,nhbw
3,2,rail,0,hbes
3,2,rail,0,nhbw
3,5,rail,0,hbw
2,3,rail,0,nhbw
4,7,rail,0,nhbo
3,7,rail,0,nhbo
7,4,rail,0,nhbo
3,5,rail,0,hbu
3,9,rail,0,nhbo
9,5,rail,0,nhbo
5,9,rail,0,nhbo
9,4,rail,0,nhbo
4,9,rail,0,nhbo
3,5,rail,0,hbso
3,4,rail,0,hbes
7,3,rail,0,nhbo
2,3,rail,0,hbpb
9,3,rail,0,nhbo
4,7,rail,0,hbso
7,4,rail,0,hbso
5,3,rail,0,hbso
2,3,rail,0,hbes
3,9,rail,0,hbw
3,7,rail,0,hbso
3,9,rail,0,hbso
4,9,rail,0,hbso
4,3,rail,0,hbw
4,7,rail,0,hbw
4,9,rail,0,hbw
9,4,rail,0,hbso
9,5,rail,0,hbso
4,3,rail,0,hbes
3,7,rail,0,hbw
3,5,rail,0,nhbw
5,9,rail,0,hbso
7,3,rail,0,hbso
7,4,rail,0,nhbw
5,3,rail,0,nhbw
2,3,rail,0,hbw
4,7,rail,0,nhbw
9,3,rail,0,hbso
9,4,rail,0,nhbw
4,9,rail,0,nhbw
9,5,rail,0,nhbw
5,9,rail,0,nhbw
3,7,rail,0,nhbw
3,9,rail,0,nhbw
7,4,rail,0,hbes
7,3,rail,0,nhbw
9,3,rail,0,nhbw
4,9,rail,0,hbu
5,9,rail,0,hbu
3,5,rail,0,hbes
5,9,rail,0,hbw
5,3,rail,0,hbsh
9,4,rail,0,hbes
9,5,rail,0,hbes
4,7,rail,0,hbes
5,3,rail,0,hbes
2,3,rail,0,hbu
7,3,rail,0,hbes
9,3,rail,0,hbes
7,4,rail,0,hbw
4,7,rail,0,hbu
4,9,rail,0,hbes
5,9,rail,0,hbes
9,5,rail,0,hbw
4,3,rail,0,hbu
3,5,rail,0,hbsh
9,4,rail,0,hbw
4,7,rail,0,hbsh
3,9,rail,0,hbu
7,4,rail,0,hbsh
3,9,rail,0,hbes
3,5,rail,0,hbpb
5,3,rail,0,hbw
3,7,rail,0,hbes
4,7,rail,0,hbpb
9,5,rail,0,hbsh
5,3,rail,0,hbpb
3,7,rail,0,hbsh
9,4,rail,0,hbsh
3,9,rail,0,hbsh
9,3,rail,0,hbsh
7,3,rail,0,hbsh
7,4,rail,0,hbpb
4,9,rail,0,hbsh
7,3,rail,0,hbw
5,9,rail,0,hbsh
3,7,rail,0,hbu
7,4,rail,0,hbu
9,5,rail,0,hbpb
9,4,rail,0,hbpb
9,3,rail,0,hbw
5,9,rail,0,hbpb
4,9,rail,0,hbpb
7,3,rail,0,hbpb
3,7,rail,0,hbpb
9,3,rail,0,hbpb
3,9,rail,0,hbpb
5,3,rail,0,hbu
9,5,rail,0,hbu
9,4,rail,0,hbu
7,3,rail,0,hbu
9,3,rail,0,hbu
